image_path,relative_path,image_name,normalized_filename,width,height,format,sha1,duplicate_in_new_batch
/home/ubuntu/webdev-static-assets/grade5-new-20260821/New folder/Cactus_blooming_with_pink_flower_202608212034.jpeg,New folder/Cactus_blooming_with_pink_flower_202608212034.jpeg,Cactus_blooming_with_pink_flower_202608212034.jpeg,cactus blooming with pink flower,1376,768,JPEG,10d79ba9c9dcde6b12d524bb1400ffa6decaac0e,False
/home/ubuntu/webdev-static-assets/grade5-new-20260821/New folder/Cars_driving_on_winding_roads_202608212032.jpeg,New folder/Cars_driving_on_winding_roads_202608212032.jpeg,Cars_driving_on_winding_roads_202608212032.jpeg,cars driving on winding roads,1376,768,JPEG,db06d1e52931cbeae2dc72429ec45ac510212a86,False
/home/ubuntu/webdev-static-assets/grade5-new-20260821/New folder/Cartoon_amusement_park_rides_202608212034.jpeg,New folder/Cartoon_amusement_park_rides_202608212034.jpeg,Cartoon_amusement_park_rides_202608212034.jpeg,cartoon amusement park rides,1376,768,JPEG,0e75d99bde2a5e3d3d1fa758ece6c13269d9c6b2,False
/home/ubuntu/webdev-static-assets/grade5-new-20260821/New folder/Cartoon_anchor_in_ocean_202608212032.jpeg,New folder/Cartoon_anchor_in_ocean_202608212032.jpeg,Cartoon_anchor_in_ocean_202608212032.jpeg,cartoon anchor in ocean,1376,768,JPEG,5eafd1bc043f313d8e12a25429a68af2aa97caab,False
/home/ubuntu/webdev-static-assets/grade5-new-20260821/New folder/Cartoon_architect_drawing_house_…_202608212032.jpeg,New folder/Cartoon_architect_drawing_house_…_202608212032.jpeg,Cartoon_architect_drawing_house_…_202608212032.jpeg,cartoon architect drawing house,1376,768,JPEG,4b2b599f30f60a500141060d99cc7c3f868c68e5,False
/home/ubuntu/webdev-static-assets/grade5-new-20260821/New folder/Cartoon_ball_hitting_wall_202608212034.jpeg,New folder/Cartoon_ball_hitting_wall_202608212034.jpeg,Cartoon_ball_hitting_wall_202608212034.jpeg,cartoon ball hitting wall,1376,768,JPEG,b56a1e70b1439bd51d238b214f28c828cc28e7f5,False
/home/ubuntu/webdev-static-assets/grade5-new-20260821/New folder/Cartoon_bat_hanging_from_branch_202608212032.jpeg,New folder/Cartoon_bat_hanging_from_branch_202608212032.jpeg,Cartoon_bat_hanging_from_branch_202608212032.jpeg,cartoon bat hanging from branch,1376,768,JPEG,4e88b909a0dbdd1e174bef4b56c0cd2609b4db51,False
/home/ubuntu/webdev-static-assets/grade5-new-20260821/New folder/Cartoon_battery_with_glowing_energy_202608212032.jpeg,New folder/Cartoon_battery_with_glowing_energy_202608212032.jpeg,Cartoon_battery_with_glowing_energy_202608212032.jpeg,cartoon battery with glowing energy,1376,768,JPEG,98b87d649bd1df24b51e3807823ed8449b4e6888,False
/home/ubuntu/webdev-static-assets/grade5-new-20260821/New folder/Cartoon_bird_flying_over_crops_202608212034.jpeg,New folder/Cartoon_bird_flying_over_crops_202608212034.jpeg,Cartoon_bird_flying_over_crops_202608212034.jpeg,cartoon bird flying over crops,1376,768,JPEG,fd303738329b5f985eb751c1c6925a73e4ccab49,False
/home/ubuntu/webdev-static-assets/grade5-new-20260821/New folder/Cartoon_bread_loaves_count_compa…_202608212034.jpeg,New folder/Cartoon_bread_loaves_count_compa…_202608212034.jpeg,Cartoon_bread_loaves_count_compa…_202608212034.jpeg,cartoon bread loaves count compa,1376,768,JPEG,4556d4bc27badc511250a1f2b070e2f5349865a8,False
/home/ubuntu/webdev-static-assets/grade5-new-20260821/New folder/Cartoon_cat_looking_at_square_202608212034.jpeg,New folder/Cartoon_cat_looking_at_square_202608212034.jpeg,Cartoon_cat_looking_at_square_202608212034.jpeg,cartoon cat looking at square,1376,768,JPEG,c96cf3a003948f67e64c8e3bc11b79ce52f2e1d4,False
/home/ubuntu/webdev-static-assets/grade5-new-20260821/New folder/Cartoon_cat_sleeping_on_pillow_202608212033.jpeg,New folder/Cartoon_cat_sleeping_on_pillow_202608212033.jpeg,Cartoon_cat_sleeping_on_pillow_202608212033.jpeg,cartoon cat sleeping on pillow,1376,768,JPEG,7b9114d68a448f9004e59802192a543a936898b3,False
/home/ubuntu/webdev-static-assets/grade5-new-20260821/New folder/Cartoon_character_pushing_boulder_202608212034.jpeg,New folder/Cartoon_character_pushing_boulder_202608212034.jpeg,Cartoon_character_pushing_boulder_202608212034.jpeg,cartoon character pushing boulder,1376,768,JPEG,21811e2fc50ae23811747769d1e8ed6627771ff3,False
/home/ubuntu/webdev-static-assets/grade5-new-20260821/New folder/Cartoon_character_relaxing_in_ha…_202608212034.jpeg,New folder/Cartoon_character_relaxing_in_ha…_202608212034.jpeg,Cartoon_character_relaxing_in_ha…_202608212034.jpeg,cartoon character relaxing in ha,1376,768,JPEG,d800156d79d56e6c3c0da49ea6c387a6b570aea2,False
/home/ubuntu/webdev-static-assets/grade5-new-20260821/New folder/Cartoon_character_tasting_awful_…_202608212034.jpeg,New folder/Cartoon_character_tasting_awful_…_202608212034.jpeg,Cartoon_character_tasting_awful_…_202608212034.jpeg,cartoon character tasting awful,1376,768,JPEG,bd851c22b3492b3defb1118d695fee18dd4d3a50,False
/home/ubuntu/webdev-static-assets/grade5-new-20260821/New folder/Cartoon_character_thinking_hard_202608212032.jpeg,New folder/Cartoon_character_thinking_hard_202608212032.jpeg,Cartoon_character_thinking_hard_202608212032.jpeg,cartoon character thinking hard,1376,768,JPEG,7328833512292b9d0ba030ea5c68b1d61f00483a,False
/home/ubuntu/webdev-static-assets/grade5-new-20260821/New folder/Cartoon_character_wiping_sweat_202608212033.jpeg,New folder/Cartoon_character_wiping_sweat_202608212033.jpeg,Cartoon_character_wiping_sweat_202608212033.jpeg,cartoon character wiping sweat,1376,768,JPEG,5e310400b22bc2924d120d0b24070606a2e48368,False
/home/ubuntu/webdev-static-assets/grade5-new-20260821/New folder/Doctor_and_nurse_standing_outside_202608212033.jpeg,New folder/Doctor_and_nurse_standing_outside_202608212033.jpeg,Doctor_and_nurse_standing_outside_202608212033.jpeg,doctor and nurse standing outside,1376,768,JPEG,e7d8e782fcc9e8f6d9fcab6882ad78a6b1ebf06a,False
/home/ubuntu/webdev-static-assets/grade5-new-20260821/New folder/Doctor_bandaging_child_arm_202608212034.jpeg,New folder/Doctor_bandaging_child_arm_202608212034.jpeg,Doctor_bandaging_child_arm_202608212034.jpeg,doctor bandaging child arm,1376,768,JPEG,c07103afde9070c963f4c63e3919e32081d786ce,False
/home/ubuntu/webdev-static-assets/grade5-new-20260821/New folder/Doctor_checking_child_heartbeat_202608212033.jpeg,New folder/Doctor_checking_child_heartbeat_202608212033.jpeg,Doctor_checking_child_heartbeat_202608212033.jpeg,doctor checking child heartbeat,1376,768,JPEG,bff2e0dd6d02955f0d7055a4f5be4e5c3d232341,False
/home/ubuntu/webdev-static-assets/grade5-new-20260821/New folder/Doctor_explaining_X-ray_results_202608212034.jpeg,New folder/Doctor_explaining_X-ray_results_202608212034.jpeg,Doctor_explaining_X-ray_results_202608212034.jpeg,doctor explaining x ray results,1376,768,JPEG,56151e2366a8366aa79e6dfb783508c077ed7fe9,False
/home/ubuntu/webdev-static-assets/grade5-new-20260821/New folder/Doctor_working_day_and_night_202608212033.jpeg,New folder/Doctor_working_day_and_night_202608212033.jpeg,Doctor_working_day_and_night_202608212033.jpeg,doctor working day and night,1376,768,JPEG,29373937981a7b04d7e01221f9ca19ce0f3b3bc6,False
/home/ubuntu/webdev-static-assets/grade5-new-20260821/New folder/Dolphin_leaping_from_ocean_water_202608212032.jpeg,New folder/Dolphin_leaping_from_ocean_water_202608212032.jpeg,Dolphin_leaping_from_ocean_water_202608212032.jpeg,dolphin leaping from ocean water,1376,768,JPEG,f51179239e20c60982f904f04953b0b607fc1aa9,False
/home/ubuntu/webdev-static-assets/grade5-new-20260821/New folder/Droopy_plant_affected_by_heat_202608212033.jpeg,New folder/Droopy_plant_affected_by_heat_202608212033.jpeg,Droopy_plant_affected_by_heat_202608212033.jpeg,droopy plant affected by heat,1376,768,JPEG,dd53ac47b6c5be717da7948569ee0620892cd0c6,False
/home/ubuntu/webdev-static-assets/grade5-new-20260821/New folder/Ducklings_following_their_mother_202608212033.jpeg,New folder/Ducklings_following_their_mother_202608212033.jpeg,Ducklings_following_their_mother_202608212033.jpeg,ducklings following their mother,1376,768,JPEG,ce34adc79938757ede742f4673b441742d9ad9e7,False
/home/ubuntu/webdev-static-assets/grade5-new-20260821/New folder/Farmer_driving_red_tractor_202608212034.jpeg,New folder/Farmer_driving_red_tractor_202608212034.jpeg,Farmer_driving_red_tractor_202608212034.jpeg,farmer driving red tractor,1376,768,JPEG,f2ad1b2e0ff9acf0200639ec89ba8d5a4806f157,False
/home/ubuntu/webdev-static-assets/grade5-new-20260821/New folder/Farmer_keeping_farm_animals_202608212032.jpeg,New folder/Farmer_keeping_farm_animals_202608212032.jpeg,Farmer_keeping_farm_animals_202608212032.jpeg,farmer keeping farm animals,1376,768,JPEG,1f369486856cb071506b7bcb111ca409afc446a7,False
/home/ubuntu/webdev-static-assets/grade5-new-20260821/New folder/Farmer_planting_seeds_202608212034.jpeg,New folder/Farmer_planting_seeds_202608212034.jpeg,Farmer_planting_seeds_202608212034.jpeg,farmer planting seeds,1376,768,JPEG,3b868b821949121d6062595952363575832e519f,False
/home/ubuntu/webdev-static-assets/grade5-new-20260821/New folder/Runner_starting_race_202608212033.jpeg,New folder/Runner_starting_race_202608212033.jpeg,Runner_starting_race_202608212033.jpeg,runner starting race,1376,768,JPEG,cefe0b00475fdb60608798d6ffee577f696ba907,False
/home/ubuntu/webdev-static-assets/grade5-new-20260821/New folder/Sad_child_losing_marbles_game_202608212033.jpeg,New folder/Sad_child_losing_marbles_game_202608212033.jpeg,Sad_child_losing_marbles_game_202608212033.jpeg,sad child losing marbles game,1376,768,JPEG,cd58048e7828ee82f98d90ce557b5787462fa395,False
/home/ubuntu/webdev-static-assets/grade5-new-20260821/New folder/Safety_fence_around_swimming_pool_202608212034.jpeg,New folder/Safety_fence_around_swimming_pool_202608212034.jpeg,Safety_fence_around_swimming_pool_202608212034.jpeg,safety fence around swimming pool,1376,768,JPEG,1b271f616d41f6fd43e22a422e0abcb237b404cd,False
/home/ubuntu/webdev-static-assets/grade5-new-20260821/New folder/Sand_blowing_across_desert_202608212034.jpeg,New folder/Sand_blowing_across_desert_202608212034.jpeg,Sand_blowing_across_desert_202608212034.jpeg,sand blowing across desert,1376,768,JPEG,62bb3e9772b9ec17694165e1ee42da579be67d82,False
/home/ubuntu/webdev-static-assets/grade5-new-20260821/New folder/Sandstorm_in_desert_202608212034.jpeg,New folder/Sandstorm_in_desert_202608212034.jpeg,Sandstorm_in_desert_202608212034.jpeg,sandstorm in desert,1376,768,JPEG,ef7e8da0b1436f05f3c1d2af3183c02ff5a05af3,False
/home/ubuntu/webdev-static-assets/grade5-new-20260821/New folder/Silver_star_illustration_smiling_202608212033.jpeg,New folder/Silver_star_illustration_smiling_202608212033.jpeg,Silver_star_illustration_smiling_202608212033.jpeg,silver star illustration smiling,1376,768,JPEG,7bbeba1537cce7067724247f2f700294339ec914,False
/home/ubuntu/webdev-static-assets/grade5-new-20260821/New folder/Sleepy_child_yawning_at_night_202608212032.jpeg,New folder/Sleepy_child_yawning_at_night_202608212032.jpeg,Sleepy_child_yawning_at_night_202608212032.jpeg,sleepy child yawning at night,1376,768,JPEG,14bd6fc8353784ba9abeda745103f14d06a0d241,False
/home/ubuntu/webdev-static-assets/grade5-new-20260821/New folder/Small_boat_on_deep_ocean_202608212034.jpeg,New folder/Small_boat_on_deep_ocean_202608212034.jpeg,Small_boat_on_deep_ocean_202608212034.jpeg,small boat on deep ocean,1376,768,JPEG,5f97bf1a7b862b6c4b1b34857f9b530159b87983,False
/home/ubuntu/webdev-static-assets/grade5-new-20260821/New folder/Spatula_turning_cartoon_pancake_202608212032.jpeg,New folder/Spatula_turning_cartoon_pancake_202608212032.jpeg,Spatula_turning_cartoon_pancake_202608212032.jpeg,spatula turning cartoon pancake,1376,768,JPEG,708acef637ec236e506a4f9b1a5d7479d7939029,False
/home/ubuntu/webdev-static-assets/grade5-new-20260821/New folder/Sprout_growing_from_soil_202608212034.jpeg,New folder/Sprout_growing_from_soil_202608212034.jpeg,Sprout_growing_from_soil_202608212034.jpeg,sprout growing from soil,1376,768,JPEG,91d03dc379b4966689309834db40a2960cd35df9,False
/home/ubuntu/webdev-static-assets/grade5-new-20260821/New folder/Squirrel_burying_a_nut_202608212033.jpeg,New folder/Squirrel_burying_a_nut_202608212033.jpeg,Squirrel_burying_a_nut_202608212033.jpeg,squirrel burying a nut,1376,768,JPEG,96605190a2f54e1cf91691de858e8311fc6e897c,False
/home/ubuntu/webdev-static-assets/grade5-new-20260821/New folder (2)/Cartoon_character_with_thermometer_202608212033.jpeg,New folder (2)/Cartoon_character_with_thermometer_202608212033.jpeg,Cartoon_character_with_thermometer_202608212033.jpeg,cartoon character with thermometer,1376,768,JPEG,1c4b9524bacdbb2ac2bf8617739c9ec02677fd16,False
/home/ubuntu/webdev-static-assets/grade5-new-20260821/New folder (2)/Cartoon_child_beckoning_playground_202608212032.jpeg,New folder (2)/Cartoon_child_beckoning_playground_202608212032.jpeg,Cartoon_child_beckoning_playground_202608212032.jpeg,cartoon child beckoning playground,1376,768,JPEG,c5e0d807fcacf3959caa9e28da55639759e0a5b4,False
/home/ubuntu/webdev-static-assets/grade5-new-20260821/New folder (2)/Cartoon_child_pointing_to_themse…_202608212033.jpeg,New folder (2)/Cartoon_child_pointing_to_themse…_202608212033.jpeg,Cartoon_child_pointing_to_themse…_202608212033.jpeg,cartoon child pointing to themse,1376,768,JPEG,254f9c772cc6d38b70461ef27739018f21aa18ac,False
/home/ubuntu/webdev-static-assets/grade5-new-20260821/New folder (2)/Cartoon_child_reading_calmly_202608212032.jpeg,New folder (2)/Cartoon_child_reading_calmly_202608212032.jpeg,Cartoon_child_reading_calmly_202608212032.jpeg,cartoon child reading calmly,1376,768,JPEG,7d25a4e7f6bd85cfac3916714bae3a48b686c6fe,False
/home/ubuntu/webdev-static-assets/grade5-new-20260821/New folder (2)/Cartoon_cloud_shaped_like_bird_202608212032.jpeg,New folder (2)/Cartoon_cloud_shaped_like_bird_202608212032.jpeg,Cartoon_cloud_shaped_like_bird_202608212032.jpeg,cartoon cloud shaped like bird,1376,768,JPEG,7dc57f936137d6229f57f6c7f563857e5711ce42,False
/home/ubuntu/webdev-static-assets/grade5-new-20260821/New folder (2)/Cartoon_coal_and_empty_hourglass_202608212032.jpeg,New folder (2)/Cartoon_coal_and_empty_hourglass_202608212032.jpeg,Cartoon_coal_and_empty_hourglass_202608212032.jpeg,cartoon coal and empty hourglass,1376,768,JPEG,2906e3daee7618edbe2abc808c858de7740f609f,False
/home/ubuntu/webdev-static-assets/grade5-new-20260821/New folder (2)/Cartoon_coffee_shop_with_outdoor…_202608212032.jpeg,New folder (2)/Cartoon_coffee_shop_with_outdoor…_202608212032.jpeg,Cartoon_coffee_shop_with_outdoor…_202608212032.jpeg,cartoon coffee shop with outdoor,1376,768,JPEG,9cfb67b05f1dbe7ea34b1242d0a147608f5ef5d2,False
/home/ubuntu/webdev-static-assets/grade5-new-20260821/New folder (2)/Cartoon_cube_with_red_side_202608212032.jpeg,New folder (2)/Cartoon_cube_with_red_side_202608212032.jpeg,Cartoon_cube_with_red_side_202608212032.jpeg,cartoon cube with red side,1376,768,JPEG,5559bd67c2c9fe63ca20321aa4c3f7e45542de12,False
/home/ubuntu/webdev-static-assets/grade5-new-20260821/New folder (2)/Cartoon_dog_bringing_ball_202608212032.jpeg,New folder (2)/Cartoon_dog_bringing_ball_202608212032.jpeg,Cartoon_dog_bringing_ball_202608212032.jpeg,cartoon dog bringing ball,1376,768,JPEG,6ede8bd8696be25d7f3825981ab30b57b3eb7f6c,False
/home/ubuntu/webdev-static-assets/grade5-new-20260821/New folder (2)/Cartoon_fish_swimming_in_water_202608212034.jpeg,New folder (2)/Cartoon_fish_swimming_in_water_202608212034.jpeg,Cartoon_fish_swimming_in_water_202608212034.jpeg,cartoon fish swimming in water,1376,768,JPEG,409e35b30b58a8e0bf19b9725bdc388cf878be5d,False
/home/ubuntu/webdev-static-assets/grade5-new-20260821/New folder (2)/Cartoon_germs_under_magnifying_g…_202608212033.jpeg,New folder (2)/Cartoon_germs_under_magnifying_g…_202608212033.jpeg,Cartoon_germs_under_magnifying_g…_202608212033.jpeg,cartoon germs under magnifying g,1376,768,JPEG,4aa6a5968add07da71f128fae18dd40928fcf844,False
/home/ubuntu/webdev-static-assets/grade5-new-20260821/New folder (2)/Cartoon_girl_choosing_fruit_202608212032.jpeg,New folder (2)/Cartoon_girl_choosing_fruit_202608212032.jpeg,Cartoon_girl_choosing_fruit_202608212032.jpeg,cartoon girl choosing fruit,1376,768,JPEG,6c7ac1e55560116f035a445aafb104e3a1ec4af9,False
/home/ubuntu/webdev-static-assets/grade5-new-20260821/New folder (2)/Cartoon_gold_coin_flipping_202608212032.jpeg,New folder (2)/Cartoon_gold_coin_flipping_202608212032.jpeg,Cartoon_gold_coin_flipping_202608212032.jpeg,cartoon gold coin flipping,1376,768,JPEG,58e9cae5afea82eb105ba454e897956232d458fd,False
/home/ubuntu/webdev-static-assets/grade5-new-20260821/New folder (2)/Cartoon_hands_clapping_together_202608212032.jpeg,New folder (2)/Cartoon_hands_clapping_together_202608212032.jpeg,Cartoon_hands_clapping_together_202608212032.jpeg,cartoon hands clapping together,1376,768,JPEG,56ddcec7cff4dbaefa8bb07f5147af1cf8d0b748,False
/home/ubuntu/webdev-static-assets/grade5-new-20260821/New folder (2)/Cartoon_house_with_robot_and_202608212034.jpeg,New folder (2)/Cartoon_house_with_robot_and_202608212034.jpeg,Cartoon_house_with_robot_and_202608212034.jpeg,cartoon house with robot and,1376,768,JPEG,0e7c524e1bf0c3afbf6b1c5171954129c011b67d,False
/home/ubuntu/webdev-static-assets/grade5-new-20260821/New folder (2)/Cartoon_kitchen_stove_burning_flame_202608212034.jpeg,New folder (2)/Cartoon_kitchen_stove_burning_flame_202608212034.jpeg,Cartoon_kitchen_stove_burning_flame_202608212034.jpeg,cartoon kitchen stove burning flame,1376,768,JPEG,3c73cf9bec05893d94f3f59948bf6f8b69d83252,False
/home/ubuntu/webdev-static-assets/grade5-new-20260821/New folder (2)/Cartoon_kitten_sitting_on_table_202608212032.jpeg,New folder (2)/Cartoon_kitten_sitting_on_table_202608212032.jpeg,Cartoon_kitten_sitting_on_table_202608212032.jpeg,cartoon kitten sitting on table,1376,768,JPEG,0d3fdf6feb3329334ac62bd5dd85a8509cd959d7,False
/home/ubuntu/webdev-static-assets/grade5-new-20260821/New folder (2)/Flexible_straw_bending_curve_202608212033.jpeg,New folder (2)/Flexible_straw_bending_curve_202608212033.jpeg,Flexible_straw_bending_curve_202608212033.jpeg,flexible straw bending curve,1376,768,JPEG,1e21590528838919dc1775340468472e22aabfc6,False
/home/ubuntu/webdev-static-assets/grade5-new-20260821/New folder (2)/Flood_covering_street_and_houses_202608212034.jpeg,New folder (2)/Flood_covering_street_and_houses_202608212034.jpeg,Flood_covering_street_and_houses_202608212034.jpeg,flood covering street and houses,1376,768,JPEG,ebf78cb04753194fd53ad423d9c1ca599d40f6d0,False
/home/ubuntu/webdev-static-assets/grade5-new-20260821/New folder (2)/Flower_blooming_in_dry_desert_202608212034.jpeg,New folder (2)/Flower_blooming_in_dry_desert_202608212034.jpeg,Flower_blooming_in_dry_desert_202608212034.jpeg,flower blooming in dry desert,1376,768,JPEG,7243b8c548e4b7ab1c163e1686c5bb21821110fe,False
/home/ubuntu/webdev-static-assets/grade5-new-20260821/New folder (2)/Four_seasons_changing_around_tree_202608212033.jpeg,New folder (2)/Four_seasons_changing_around_tree_202608212033.jpeg,Four_seasons_changing_around_tree_202608212033.jpeg,four seasons changing around tree,1376,768,JPEG,024b6a52a38682051d758db9750268351f2b749a,False
/home/ubuntu/webdev-static-assets/grade5-new-20260821/New folder (2)/Friends_sitting_and_talking_202608212033.jpeg,New folder (2)/Friends_sitting_and_talking_202608212033.jpeg,Friends_sitting_and_talking_202608212033.jpeg,friends sitting and talking,1376,768,JPEG,79a5737bad1756e0416be72e63e5593f7cc63b0e,False
/home/ubuntu/webdev-static-assets/grade5-new-20260821/New folder (2)/Frog_leaping_between_lily_pads_202608212034.jpeg,New folder (2)/Frog_leaping_between_lily_pads_202608212034.jpeg,Frog_leaping_between_lily_pads_202608212034.jpeg,frog leaping between lily pads,1376,768,JPEG,a91ec728a0a7f36eb5ac7544907375f0d745f8fb,False
/home/ubuntu/webdev-static-assets/grade5-new-20260821/New folder (2)/Girl_examining_map_with_magnifier_202608212033.jpeg,New folder (2)/Girl_examining_map_with_magnifier_202608212033.jpeg,Girl_examining_map_with_magnifier_202608212033.jpeg,girl examining map with magnifier,1376,768,JPEG,62b0632e4079e815f7c575c75a5dc9582d9b20c5,False
/home/ubuntu/webdev-static-assets/grade5-new-20260821/New folder (2)/Glass_being_filled_with_water_202608212033.jpeg,New folder (2)/Glass_being_filled_with_water_202608212033.jpeg,Glass_being_filled_with_water_202608212033.jpeg,glass being filled with water,1376,768,JPEG,14b6565f323c58628c5f38ca5d48b8810c778a8d,False
/home/ubuntu/webdev-static-assets/grade5-new-20260821/New folder (2)/Glass_jar_containing_colorful_ma…_202608212032.jpeg,New folder (2)/Glass_jar_containing_colorful_ma…_202608212032.jpeg,Glass_jar_containing_colorful_ma…_202608212032.jpeg,glass jar containing colorful ma,1376,768,JPEG,e6c6c567e7c0a2579b31b1e09ca1480e4c953475,False
/home/ubuntu/webdev-static-assets/grade5-new-20260821/New folder (2)/Glowing_cartoon_diamond_on_cushion_202608212032.jpeg,New folder (2)/Glowing_cartoon_diamond_on_cushion_202608212032.jpeg,Glowing_cartoon_diamond_on_cushion_202608212032.jpeg,glowing cartoon diamond on cushion,1376,768,JPEG,ea412fd4f45d790968067257746379afef1b41c4,False
/home/ubuntu/webdev-static-assets/grade5-new-20260821/New folder (2)/Gold_rings_and_necklaces_in_202608212034.jpeg,New folder (2)/Gold_rings_and_necklaces_in_202608212034.jpeg,Gold_rings_and_necklaces_in_202608212034.jpeg,gold rings and necklaces in,1376,768,JPEG,e9677247c49d08a88d904ec83638d1d065674a6f,False
/home/ubuntu/webdev-static-assets/grade5-new-20260821/New folder (3)/Cartoon_miners_holding_picks_in_202608212032.jpeg,New folder (3)/Cartoon_miners_holding_picks_in_202608212032.jpeg,Cartoon_miners_holding_picks_in_202608212032.jpeg,cartoon miners holding picks in,1376,768,JPEG,bc115acbc863ca3a71f665f4b5a99932d10bd669,False
/home/ubuntu/webdev-static-assets/grade5-new-20260821/New folder (3)/Cartoon_monster_making_silly_face_202608212033.jpeg,New folder (3)/Cartoon_monster_making_silly_face_202608212033.jpeg,Cartoon_monster_making_silly_face_202608212033.jpeg,cartoon monster making silly face,1376,768,JPEG,671a54acdd38ce8564c90d4107a8d4de974e9aad,False
/home/ubuntu/webdev-static-assets/grade5-new-20260821/New folder (3)/Cartoon_moon_shining_over_house_202608212032.jpeg,New folder (3)/Cartoon_moon_shining_over_house_202608212032.jpeg,Cartoon_moon_shining_over_house_202608212032.jpeg,cartoon moon shining over house,1376,768,JPEG,7f580bf7eb9a4c4e16a82c1c14ace7a9b5284998,False
/home/ubuntu/webdev-static-assets/grade5-new-20260821/New folder (3)/Cartoon_park_with_green_trees_202608212032.jpeg,New folder (3)/Cartoon_park_with_green_trees_202608212032.jpeg,Cartoon_park_with_green_trees_202608212032.jpeg,cartoon park with green trees,1376,768,JPEG,3c83a1a01b91a555b67767d59bf8b11b23e8d147,False
/home/ubuntu/webdev-static-assets/grade5-new-20260821/New folder (3)/Cartoon_puppy_wearing_red_collar_202608212032.jpeg,New folder (3)/Cartoon_puppy_wearing_red_collar_202608212032.jpeg,Cartoon_puppy_wearing_red_collar_202608212032.jpeg,cartoon puppy wearing red collar,1376,768,JPEG,e318a8cf5a05c1dd00b940b764aefe2fb21b9f46,False
/home/ubuntu/webdev-static-assets/grade5-new-20260821/New folder (3)/Cartoon_sun_shining_over_hill_202608212032.jpeg,New folder (3)/Cartoon_sun_shining_over_hill_202608212032.jpeg,Cartoon_sun_shining_over_hill_202608212032.jpeg,cartoon sun shining over hill,1376,768,JPEG,17fa4b3ce7df673dac459370b75c4fc9e5295e28,False
/home/ubuntu/webdev-static-assets/grade5-new-20260821/New folder (3)/Cartoon_supermarket_with_fruits_…_202608212032.jpeg,New folder (3)/Cartoon_supermarket_with_fruits_…_202608212032.jpeg,Cartoon_supermarket_with_fruits_…_202608212032.jpeg,cartoon supermarket with fruits,1376,768,JPEG,9186d9bd0ec6b3014edcc80f4e36f96e40e6d2e2,False
/home/ubuntu/webdev-static-assets/grade5-new-20260821/New folder (3)/Cartoon_toy_car_with_solar_202608212032.jpeg,New folder (3)/Cartoon_toy_car_with_solar_202608212032.jpeg,Cartoon_toy_car_with_solar_202608212032.jpeg,cartoon toy car with solar,1376,768,JPEG,3d66f58ac0ba9a17e1de3e85ca0774b05c445bf9,False
/home/ubuntu/webdev-static-assets/grade5-new-20260821/New folder (3)/Cartoon_treasure_chest_on_ocean_202608212032.jpeg,New folder (3)/Cartoon_treasure_chest_on_ocean_202608212032.jpeg,Cartoon_treasure_chest_on_ocean_202608212032.jpeg,cartoon treasure chest on ocean,1376,768,JPEG,3bac411ea6ef1c10776bb0509e4fe91c0dd74528,False
/home/ubuntu/webdev-static-assets/grade5-new-20260821/New folder (3)/Cartoon_waiter_carrying_juice_tray_202608212034.jpeg,New folder (3)/Cartoon_waiter_carrying_juice_tray_202608212034.jpeg,Cartoon_waiter_carrying_juice_tray_202608212034.jpeg,cartoon waiter carrying juice tray,1376,768,JPEG,32ad94bc77d9893644ee742f1593f9b39e8ee705,False
/home/ubuntu/webdev-static-assets/grade5-new-20260821/New folder (3)/Cartoon_water_watering_plants_202608212034.jpeg,New folder (3)/Cartoon_water_watering_plants_202608212034.jpeg,Cartoon_water_watering_plants_202608212034.jpeg,cartoon water watering plants,1376,768,JPEG,47780b5ef9188fbfd81e318323bbfd356913547c,False
/home/ubuntu/webdev-static-assets/grade5-new-20260821/New folder (3)/Cartoon_weather_icons_showing_co…_202608212034.jpeg,New folder (3)/Cartoon_weather_icons_showing_co…_202608212034.jpeg,Cartoon_weather_icons_showing_co…_202608212034.jpeg,cartoon weather icons showing co,1376,768,JPEG,18428c7c9aee5df0b06dcde6a7c6e829571097b3,False
/home/ubuntu/webdev-static-assets/grade5-new-20260821/New folder (3)/Cartoon_wind_blowing_sand_202608212034.jpeg,New folder (3)/Cartoon_wind_blowing_sand_202608212034.jpeg,Cartoon_wind_blowing_sand_202608212034.jpeg,cartoon wind blowing sand,1376,768,JPEG,966c3bb7a2b2ac07c0fc0a5cc28296cb8800df3b,False
/home/ubuntu/webdev-static-assets/grade5-new-20260821/New folder (3)/Caterpillar_transforming_into_bu…_202608212033.jpeg,New folder (3)/Caterpillar_transforming_into_bu…_202608212033.jpeg,Caterpillar_transforming_into_bu…_202608212033.jpeg,caterpillar transforming into bu,1376,768,JPEG,badaa9ac3dc3027cb156404e118a0795d9e668b1,False
/home/ubuntu/webdev-static-assets/grade5-new-20260821/New folder (3)/Characters_building_wall_near_river_202608212034.jpeg,New folder (3)/Characters_building_wall_near_river_202608212034.jpeg,Characters_building_wall_near_river_202608212034.jpeg,characters building wall near river,1376,768,JPEG,178bcb8ffe1377638dc4f12d1082a573caeb27a2,False
/home/ubuntu/webdev-static-assets/grade5-new-20260821/New folder (3)/Chef_spreading_jam_on_bread_202608212034.jpeg,New folder (3)/Chef_spreading_jam_on_bread_202608212034.jpeg,Chef_spreading_jam_on_bread_202608212034.jpeg,chef spreading jam on bread,1376,768,JPEG,d8cf47c8c25232cba1b5204dd41142a59ce6fea9,False
/home/ubuntu/webdev-static-assets/grade5-new-20260821/New folder (3)/Child_bowing_to_elder_202608212033.jpeg,New folder (3)/Child_bowing_to_elder_202608212033.jpeg,Child_bowing_to_elder_202608212033.jpeg,child bowing to elder,1376,768,JPEG,0ae2cca751e654596e01a0646454d88153b26a5a,False
/home/ubuntu/webdev-static-assets/grade5-new-20260821/New folder (3)/Green_plant_growing_in_soil_202608212034.jpeg,New folder (3)/Green_plant_growing_in_soil_202608212034.jpeg,Green_plant_growing_in_soil_202608212034.jpeg,green plant growing in soil,1376,768,JPEG,447ed63dcccca1c371623e8152a897491b12b5d0,False
/home/ubuntu/webdev-static-assets/grade5-new-20260821/New folder (3)/Green_plant_growing_towards_sun_202608212033.jpeg,New folder (3)/Green_plant_growing_towards_sun_202608212033.jpeg,Green_plant_growing_towards_sun_202608212033.jpeg,green plant growing towards sun,1376,768,JPEG,da6df776a78c290392d4f72670580fc571b683d1,False
/home/ubuntu/webdev-static-assets/grade5-new-20260821/New folder (3)/Green_plants_growing_in_soil_202608212034.jpeg,New folder (3)/Green_plants_growing_in_soil_202608212034.jpeg,Green_plants_growing_in_soil_202608212034.jpeg,green plants growing in soil,1376,768,JPEG,612d5a476ae537dee97639104974be5296e92595,False
/home/ubuntu/webdev-static-assets/grade5-new-20260821/New folder (3)/Grilled_corn_and_vegetables_202608212033.jpeg,New folder (3)/Grilled_corn_and_vegetables_202608212033.jpeg,Grilled_corn_and_vegetables_202608212033.jpeg,grilled corn and vegetables,1376,768,JPEG,c183b3d2cfef79b00b8b957fe15dbb37a5c1dbaa,False
/home/ubuntu/webdev-static-assets/grade5-new-20260821/New folder (3)/Hammer_striking_golden_bell_202608212034.jpeg,New folder (3)/Hammer_striking_golden_bell_202608212034.jpeg,Hammer_striking_golden_bell_202608212034.jpeg,hammer striking golden bell,1376,768,JPEG,22362caabce32f7dc4c620ec35aad983e3f13408,False
/home/ubuntu/webdev-static-assets/grade5-new-20260821/New folder (3)/Hammer_striking_metal_bell_202608212034.jpeg,New folder (3)/Hammer_striking_metal_bell_202608212034.jpeg,Hammer_striking_metal_bell_202608212034.jpeg,hammer striking metal bell,1376,768,JPEG,b48aade8a32ab699ce735dbce388adee6e583096,False
/home/ubuntu/webdev-static-assets/grade5-new-20260821/New folder (3)/Hand_adding_salt_to_salad_202608212033.jpeg,New folder (3)/Hand_adding_salt_to_salad_202608212033.jpeg,Hand_adding_salt_to_salad_202608212033.jpeg,hand adding salt to salad,1376,768,JPEG,8d93aaf4ab547e8667384037512d267178401c4b,False
/home/ubuntu/webdev-static-assets/grade5-new-20260821/New folder (3)/Hand_cutting_yellow_bell_pepper_202608212033.jpeg,New folder (3)/Hand_cutting_yellow_bell_pepper_202608212033.jpeg,Hand_cutting_yellow_bell_pepper_202608212033.jpeg,hand cutting yellow bell pepper,1376,768,JPEG,d4143b3b92e21542c127933f28940fcaaa446985,False
/home/ubuntu/webdev-static-assets/grade5-new-20260821/New folder (3)/Hand_pushing_domino_piece_202608212033.jpeg,New folder (3)/Hand_pushing_domino_piece_202608212033.jpeg,Hand_pushing_domino_piece_202608212033.jpeg,hand pushing domino piece,1376,768,JPEG,6377a53e2c0f3f20276c9fb89b3ab6780ace4bee,False
/home/ubuntu/webdev-static-assets/grade5-new-20260821/New folder (3)/Hand_replacing_broken_toy_202608212033.jpeg,New folder (3)/Hand_replacing_broken_toy_202608212033.jpeg,Hand_replacing_broken_toy_202608212033.jpeg,hand replacing broken toy,1376,768,JPEG,514a2601472779f2f1be4d17515404dbe8c29024,False
/home/ubuntu/webdev-static-assets/grade5-new-20260821/New folder (3)/Hand_showing_fist_shape_202608212033.jpeg,New folder (3)/Hand_showing_fist_shape_202608212033.jpeg,Hand_showing_fist_shape_202608212033.jpeg,hand showing fist shape,1376,768,JPEG,94f8d368b157c4a4cc92a3094867e58287c08600,False
/home/ubuntu/webdev-static-assets/grade5-new-20260821/New folder (3)/Steel_beams_building_tall_structure_202608212032.jpeg,New folder (3)/Steel_beams_building_tall_structure_202608212032.jpeg,Steel_beams_building_tall_structure_202608212032.jpeg,steel beams building tall structure,1376,768,JPEG,680360e40e9a40faa8bf2238e4d6c33f20a1a416,False
/home/ubuntu/webdev-static-assets/grade5-new-20260821/New folder (3)/Stethoscope_illustration_202608212033.jpeg,New folder (3)/Stethoscope_illustration_202608212033.jpeg,Stethoscope_illustration_202608212033.jpeg,stethoscope illustration,1376,768,JPEG,4e8fca29d4719e98244f95d77ee5f236c8f93346,False
/home/ubuntu/webdev-static-assets/grade5-new-20260821/New folder (3)/Stone_basin_filled_with_water_202608212034.jpeg,New folder (3)/Stone_basin_filled_with_water_202608212034.jpeg,Stone_basin_filled_with_water_202608212034.jpeg,stone basin filled with water,1376,768,JPEG,af435cc9f66311b1f139611f51709dfca7bf0beb,False
/home/ubuntu/webdev-static-assets/grade5-new-20260821/New folder (3)/Stone_basin_with_water_202608212034.jpeg,New folder (3)/Stone_basin_with_water_202608212034.jpeg,Stone_basin_with_water_202608212034.jpeg,stone basin with water,1376,768,JPEG,77fa136d424e5d6cee31d8a476830a410fec0916,False
/home/ubuntu/webdev-static-assets/grade5-new-20260821/New folder (3)/Stressed_cartoon_character_among…_202608212033.jpeg,New folder (3)/Stressed_cartoon_character_among…_202608212033.jpeg,Stressed_cartoon_character_among…_202608212033.jpeg,stressed cartoon character among,1376,768,JPEG,7908a806074212713675cfe15b596cda7e9919ba,False
/home/ubuntu/webdev-static-assets/grade5-new-20260821/New folder (3)/Sun_moving_across_sky_202608212033.jpeg,New folder (3)/Sun_moving_across_sky_202608212033.jpeg,Sun_moving_across_sky_202608212033.jpeg,sun moving across sky,1376,768,JPEG,e7a572273f3868628dcf42a5e9d4dfd470bf2af5,False
/home/ubuntu/webdev-static-assets/grade5-new-20260821/New folder (3)/Sun_shining_over_meadow_202608212032.jpeg,New folder (3)/Sun_shining_over_meadow_202608212032.jpeg,Sun_shining_over_meadow_202608212032.jpeg,sun shining over meadow,1376,768,JPEG,c5f3999a17fac9fd706fb62ced06f7e49392e3e8,False
/home/ubuntu/webdev-static-assets/grade5-new-20260821/New folder (3)/Supermarket_shelf_with_products_202608212034.jpeg,New folder (3)/Supermarket_shelf_with_products_202608212034.jpeg,Supermarket_shelf_with_products_202608212034.jpeg,supermarket shelf with products,1376,768,JPEG,5276316306d61935164a952cd437e3623d56d5f2,False
/home/ubuntu/webdev-static-assets/grade5-new-20260821/New folder (3)/Teacher_giving_advice_to_student_202608212034.jpeg,New folder (3)/Teacher_giving_advice_to_student_202608212034.jpeg,Teacher_giving_advice_to_student_202608212034.jpeg,teacher giving advice to student,1376,768,JPEG,fd625224f822bc1609628df4d67d7a86146fb1bd,False
/home/ubuntu/webdev-static-assets/grade5-new-20260821/New folder (3)/Teacher_grading_student_homework…_202608212032.jpeg,New folder (3)/Teacher_grading_student_homework…_202608212032.jpeg,Teacher_grading_student_homework…_202608212032.jpeg,teacher grading student homework,1376,768,JPEG,d8b4df3da4de82b1f1759d752c4f6ebf2633b742,False
/home/ubuntu/webdev-static-assets/grade5-new-20260821/New folder (3)/Thick_book_and_thin_pencil_202608212034.jpeg,New folder (3)/Thick_book_and_thin_pencil_202608212034.jpeg,Thick_book_and_thin_pencil_202608212034.jpeg,thick book and thin pencil,1376,768,JPEG,0603c04857f09de0014bcaa61f469ed3d778c3ad,False
/home/ubuntu/webdev-static-assets/grade5-new-20260821/New folder (3)/Thick_cartoon_book_and_pencil_202608212034.jpeg,New folder (3)/Thick_cartoon_book_and_pencil_202608212034.jpeg,Thick_cartoon_book_and_pencil_202608212034.jpeg,thick cartoon book and pencil,1376,768,JPEG,e85459f53999039300310e5b9b39be4357f49f01,False
/home/ubuntu/webdev-static-assets/grade5-new-20260821/New folder (3)/Thunderstorm_over_forest_202608212034.jpeg,New folder (3)/Thunderstorm_over_forest_202608212034.jpeg,Thunderstorm_over_forest_202608212034.jpeg,thunderstorm over forest,1376,768,JPEG,6ed14442c7b54843b13e5d75e6314b499ce33c27,False
/home/ubuntu/webdev-static-assets/grade5-new-20260821/New folder (3)/Tomato_slices_arranged_on_plate_202608212033.jpeg,New folder (3)/Tomato_slices_arranged_on_plate_202608212033.jpeg,Tomato_slices_arranged_on_plate_202608212033.jpeg,tomato slices arranged on plate,1376,768,JPEG,ff2d29caa506650cbc3396f3a2803e6c10eed5e4,False
/home/ubuntu/webdev-static-assets/grade5-new-20260821/New folder (3)/Toothpaste_and_toothbrush_illust…_202608212033.jpeg,New folder (3)/Toothpaste_and_toothbrush_illust…_202608212033.jpeg,Toothpaste_and_toothbrush_illust…_202608212033.jpeg,toothpaste and toothbrush illust,1376,768,JPEG,8ccb3c0e9f6d3f1cedf107ca7dfe600da16c5ea8,False
/home/ubuntu/webdev-static-assets/grade5-new-20260821/New folder (3)/Toy_car_track_with_cars_202608212032.jpeg,New folder (3)/Toy_car_track_with_cars_202608212032.jpeg,Toy_car_track_with_cars_202608212032.jpeg,toy car track with cars,1376,768,JPEG,efc0ba5a4e6b929434b823d7dead989951eea3f4,False
/home/ubuntu/webdev-static-assets/grade5-new-20260821/New folder (3)/Tray_with_water_and_medicine_202608212033.jpeg,New folder (3)/Tray_with_water_and_medicine_202608212033.jpeg,Tray_with_water_and_medicine_202608212033.jpeg,tray with water and medicine,1376,768,JPEG,dab97c5a3fe81e04faf240e88c3ae0721f1e9a3c,False
/home/ubuntu/webdev-static-assets/grade5-new-20260821/New folder (3)/Treasure_chest_with_gold_coins_202608212032.jpeg,New folder (3)/Treasure_chest_with_gold_coins_202608212032.jpeg,Treasure_chest_with_gold_coins_202608212032.jpeg,treasure chest with gold coins,1376,768,JPEG,abee16599b24f4029b7be48b901340a86642b4d9,False
/home/ubuntu/webdev-static-assets/grade5-new-20260821/New folder (3)/Tree_shading_park_bench_202608212034.jpeg,New folder (3)/Tree_shading_park_bench_202608212034.jpeg,Tree_shading_park_bench_202608212034.jpeg,tree shading park bench,1376,768,JPEG,711344e5f715859a314d3dc75d04c20ad7131b8e,False
/home/ubuntu/webdev-static-assets/grade5-new-20260821/New folder (3)/Trees_burning_in_forest_wildfire_202608212034.jpeg,New folder (3)/Trees_burning_in_forest_wildfire_202608212034.jpeg,Trees_burning_in_forest_wildfire_202608212034.jpeg,trees burning in forest wildfire,1376,768,JPEG,bed2dcf5ae14cd24f986c07207609a91867c7ce7,False
/home/ubuntu/webdev-static-assets/grade5-new-20260821/New folder (3)/Two_cartoon_children_waving_202608212032.jpeg,New folder (3)/Two_cartoon_children_waving_202608212032.jpeg,Two_cartoon_children_waving_202608212032.jpeg,two cartoon children waving,1376,768,JPEG,080b9e2e198b7fbd7b499cb3ff4dc42cef69c366,False
/home/ubuntu/webdev-static-assets/grade5-new-20260821/New folder (3)/Umbrella_protecting_children_fro…_202608212033.jpeg,New folder (3)/Umbrella_protecting_children_fro…_202608212033.jpeg,Umbrella_protecting_children_fro…_202608212033.jpeg,umbrella protecting children fro,1376,768,JPEG,7d699cb1773776e5bce9027b75502118c0e96d1c,False
/home/ubuntu/webdev-static-assets/grade5-new-20260821/New folder (4)/Child_bringing_apples_inside_202608212034.jpeg,New folder (4)/Child_bringing_apples_inside_202608212034.jpeg,Child_bringing_apples_inside_202608212034.jpeg,child bringing apples inside,1376,768,JPEG,ffd371b8a1b0855afd7efe4d763adc7f9c7bb1ad,False
/home/ubuntu/webdev-static-assets/grade5-new-20260821/New folder (4)/Child_carrying_box_up_stairs_202608212034.jpeg,New folder (4)/Child_carrying_box_up_stairs_202608212034.jpeg,Child_carrying_box_up_stairs_202608212034.jpeg,child carrying box up stairs,1376,768,JPEG,10b1155874ee9c5c13908183fdff11258e509c04,False
/home/ubuntu/webdev-static-assets/grade5-new-20260821/New folder (4)/Child_carrying_fruit_basket_202608212032.jpeg,New folder (4)/Child_carrying_fruit_basket_202608212032.jpeg,Child_carrying_fruit_basket_202608212032.jpeg,child carrying fruit basket,1376,768,JPEG,7c5c34bae5deb8517d6bb3cd9fe2750c170b7ae3,False
/home/ubuntu/webdev-static-assets/grade5-new-20260821/New folder (4)/Child_choosing_between_paths_202608212032.jpeg,New folder (4)/Child_choosing_between_paths_202608212032.jpeg,Child_choosing_between_paths_202608212032.jpeg,child choosing between paths,1376,768,JPEG,1eb29d663f21f9adc3fc43761ee81696d0a5f9dd,False
/home/ubuntu/webdev-static-assets/grade5-new-20260821/New folder (4)/Child_choosing_fruit_over_candy_202608212033.jpeg,New folder (4)/Child_choosing_fruit_over_candy_202608212033.jpeg,Child_choosing_fruit_over_candy_202608212033.jpeg,child choosing fruit over candy,1376,768,JPEG,7a1a1f65e7893942f2e460db3ef1ef805e266de8,False
/home/ubuntu/webdev-static-assets/grade5-new-20260821/New folder (4)/Child_controlling_cartoon_robot_202608212032.jpeg,New folder (4)/Child_controlling_cartoon_robot_202608212032.jpeg,Child_controlling_cartoon_robot_202608212032.jpeg,child controlling cartoon robot,1376,768,JPEG,8b0145717bdd0f2d3d6ed1b7ee96f966f995aaa9,False
/home/ubuntu/webdev-static-assets/grade5-new-20260821/New folder (4)/Child_eating_apple_202608212033.jpeg,New folder (4)/Child_eating_apple_202608212033.jpeg,Child_eating_apple_202608212033.jpeg,child eating apple,1376,768,JPEG,e98d62c2c9de53d4e99156aeb9773dc56761f881,False
/home/ubuntu/webdev-static-assets/grade5-new-20260821/New folder (4)/Child_eating_strawberry_202608212033.jpeg,New folder (4)/Child_eating_strawberry_202608212033.jpeg,Child_eating_strawberry_202608212033.jpeg,child eating strawberry,1376,768,JPEG,d58031869e7bbea96aa8cc67e7984319c9b390ad,False
/home/ubuntu/webdev-static-assets/grade5-new-20260821/New folder (4)/Child_flexing_muscle_202608212033.jpeg,New folder (4)/Child_flexing_muscle_202608212033.jpeg,Child_flexing_muscle_202608212033.jpeg,child flexing muscle,1376,768,JPEG,5c13203c51d93b73468764c79e297ffb510a4a30,False
/home/ubuntu/webdev-static-assets/grade5-new-20260821/New folder (4)/Child_giving_thumbs_up_202608212033.jpeg,New folder (4)/Child_giving_thumbs_up_202608212033.jpeg,Child_giving_thumbs_up_202608212033.jpeg,child giving thumbs up,1376,768,JPEG,8eb208df1b90057c12b6693cb48bba482b8b9145,False
/home/ubuntu/webdev-static-assets/grade5-new-20260821/New folder (4)/Child_handing_toy_to_child_202608212033.jpeg,New folder (4)/Child_handing_toy_to_child_202608212033.jpeg,Child_handing_toy_to_child_202608212033.jpeg,child handing toy to child,1376,768,JPEG,32da4a45e3d73e31810c1575725ec60aa9e5d7bb,False
/home/ubuntu/webdev-static-assets/grade5-new-20260821/New folder (4)/Child_holding_gift_202608212032.jpeg,New folder (4)/Child_holding_gift_202608212032.jpeg,Child_holding_gift_202608212032.jpeg,child holding gift,1376,768,JPEG,4b2512bdd0f136636e8c60c71d98e4bf0a736838,False
/home/ubuntu/webdev-static-assets/grade5-new-20260821/New folder (4)/Child_holding_gold_medal_202608212033.jpeg,New folder (4)/Child_holding_gold_medal_202608212033.jpeg,Child_holding_gold_medal_202608212033.jpeg,child holding gold medal,1376,768,JPEG,e54478af4724cac99bbbc9b652a5ad294d7c8e65,False
/home/ubuntu/webdev-static-assets/grade5-new-20260821/New folder (4)/Child_holding_letter_from_mailbox_202608212034.jpeg,New folder (4)/Child_holding_letter_from_mailbox_202608212034.jpeg,Child_holding_letter_from_mailbox_202608212034.jpeg,child holding letter from mailbox,1376,768,JPEG,a54c681790496ff60cb151abe7ce7802ae04f69e,False
/home/ubuntu/webdev-static-assets/grade5-new-20260821/New folder (4)/Child_holding_shopping_bags_202608212032.jpeg,New folder (4)/Child_holding_shopping_bags_202608212032.jpeg,Child_holding_shopping_bags_202608212032.jpeg,child holding shopping bags,1376,768,JPEG,6c8ff6cfe22223c8514ad3bbcebcc9f7b1aafbbc,False
/home/ubuntu/webdev-static-assets/grade5-new-20260821/New folder (4)/Child_jumping_over_puddle_202608212034.jpeg,New folder (4)/Child_jumping_over_puddle_202608212034.jpeg,Child_jumping_over_puddle_202608212034.jpeg,child jumping over puddle,1376,768,JPEG,1100992796072fe978b792f1044ea3c24293bc95,False
/home/ubuntu/webdev-static-assets/grade5-new-20260821/New folder (4)/Child_looking_at_rainbow_202608212034.jpeg,New folder (4)/Child_looking_at_rainbow_202608212034.jpeg,Child_looking_at_rainbow_202608212034.jpeg,child looking at rainbow,1376,768,JPEG,8521d508a5219af81a82c695e378cb038f7fff75,False
/home/ubuntu/webdev-static-assets/grade5-new-20260821/New folder (4)/Hand_spreading_butter_on_toast_202608212034.jpeg,New folder (4)/Hand_spreading_butter_on_toast_202608212034.jpeg,Hand_spreading_butter_on_toast_202608212034.jpeg,hand spreading butter on toast,1376,768,JPEG,0a3f65e874d3afd9d062a8c69e6b64910639fb3a,False
/home/ubuntu/webdev-static-assets/grade5-new-20260821/New folder (4)/Hand_turning_cartoon_turtle_202608212032.jpeg,New folder (4)/Hand_turning_cartoon_turtle_202608212032.jpeg,Hand_turning_cartoon_turtle_202608212032.jpeg,hand turning cartoon turtle,1376,768,JPEG,919cbc3aafecd535fb16b6ad13959a3d864b5dfb,False
/home/ubuntu/webdev-static-assets/grade5-new-20260821/New folder (4)/Hands_demonstrating_skills_202608212033.jpeg,New folder (4)/Hands_demonstrating_skills_202608212033.jpeg,Hands_demonstrating_skills_202608212033.jpeg,hands demonstrating skills,1376,768,JPEG,9828dfb4d7635828bd3a134f9a6caab05e86d133,False
/home/ubuntu/webdev-static-assets/grade5-new-20260821/New folder (4)/Heroes_standing_together_202608212033.jpeg,New folder (4)/Heroes_standing_together_202608212033.jpeg,Heroes_standing_together_202608212033.jpeg,heroes standing together,1376,768,JPEG,633d490aacd31ec9881f7733ab9b21df3fc40b7d,False
/home/ubuntu/webdev-static-assets/grade5-new-20260821/New folder (4)/Honeybee_pollinating_a_flower_202608212033.jpeg,New folder (4)/Honeybee_pollinating_a_flower_202608212033.jpeg,Honeybee_pollinating_a_flower_202608212033.jpeg,honeybee pollinating a flower,1376,768,JPEG,1ae444485d719578e32d1ed6821511eba265e4eb,False
/home/ubuntu/webdev-static-assets/grade5-new-20260821/New folder (4)/Icons_showing_health_tips_202608212033.jpeg,New folder (4)/Icons_showing_health_tips_202608212033.jpeg,Icons_showing_health_tips_202608212033.jpeg,icons showing health tips,1376,768,JPEG,04a83c9eaca7f24eb1f99040f4af822a416d9595,False
/home/ubuntu/webdev-static-assets/grade5-new-20260821/New folder (4)/Ingredients_for_cooking_on_counter_202608212033.jpeg,New folder (4)/Ingredients_for_cooking_on_counter_202608212033.jpeg,Ingredients_for_cooking_on_counter_202608212033.jpeg,ingredients for cooking on counter,1376,768,JPEG,ae599d0ff5c129fb94101b335f15c51287bc161f,False
/home/ubuntu/webdev-static-assets/grade5-new-20260821/New folder (4)/Khamsin_wind_blowing_palm_trees_202608212034.jpeg,New folder (4)/Khamsin_wind_blowing_palm_trees_202608212034.jpeg,Khamsin_wind_blowing_palm_trees_202608212034.jpeg,khamsin wind blowing palm trees,1376,768,JPEG,d130d21a55c40379e16c437ff6fb0bb2029e9e79,False
/home/ubuntu/webdev-static-assets/grade5-new-20260821/New folder (4)/Kid_controlling_toy_car_202608212032.jpeg,New folder (4)/Kid_controlling_toy_car_202608212032.jpeg,Kid_controlling_toy_car_202608212032.jpeg,kid controlling toy car,1376,768,JPEG,c3a11dd8ce34f9e5a3232e78f89bbda61dbc6bc9,False
/home/ubuntu/webdev-static-assets/grade5-new-20260821/New folder (4)/Kids_painting_and_reading_together_202608212032.jpeg,New folder (4)/Kids_painting_and_reading_together_202608212032.jpeg,Kids_painting_and_reading_together_202608212032.jpeg,kids painting and reading together,1376,768,JPEG,2bcf78c04dff73ad852e812d45c8e4db028e17ea,False
/home/ubuntu/webdev-static-assets/grade5-new-20260821/New folder (4)/Ladybug_sitting_on_green_leaf_202608212033.jpeg,New folder (4)/Ladybug_sitting_on_green_leaf_202608212033.jpeg,Ladybug_sitting_on_green_leaf_202608212033.jpeg,ladybug sitting on green leaf,1376,768,JPEG,cb8993f113e9744a998fcecebff03c2074e37099,False
/home/ubuntu/webdev-static-assets/grade5-new-20260821/New folder (5)/Child_measuring_weight_loss_illu…_202608212033.jpeg,New folder (5)/Child_measuring_weight_loss_illu…_202608212033.jpeg,Child_measuring_weight_loss_illu…_202608212033.jpeg,child measuring weight loss illu,1376,768,JPEG,acf01d0bdb9378a9ac8ba3e6b27f1e718b2ef074,False
/home/ubuntu/webdev-static-assets/grade5-new-20260821/New folder (5)/Child_meditating_peacefully_202608212033.jpeg,New folder (5)/Child_meditating_peacefully_202608212033.jpeg,Child_meditating_peacefully_202608212033.jpeg,child meditating peacefully,1376,768,JPEG,8619fae3eb245af7328be2560ee650269f057660,False
/home/ubuntu/webdev-static-assets/grade5-new-20260821/New folder (5)/Child_opening_colorful_gift_box_202608212033.jpeg,New folder (5)/Child_opening_colorful_gift_box_202608212033.jpeg,Child_opening_colorful_gift_box_202608212033.jpeg,child opening colorful gift box,1376,768,JPEG,9dda529dced5f663e1e2daa24b776c2c39631413,False
/home/ubuntu/webdev-static-assets/grade5-new-20260821/New folder (5)/Child_playing_doctor_illustration_202608212033.jpeg,New folder (5)/Child_playing_doctor_illustration_202608212033.jpeg,Child_playing_doctor_illustration_202608212033.jpeg,child playing doctor illustration,1376,768,JPEG,cc5b1a39d6d6fab0b994ed70f4fb0bf7d6047111,False
/home/ubuntu/webdev-static-assets/grade5-new-20260821/New folder (5)/Child_playing_hide_and_seek_202608212033.jpeg,New folder (5)/Child_playing_hide_and_seek_202608212033.jpeg,Child_playing_hide_and_seek_202608212033.jpeg,child playing hide and seek,1376,768,JPEG,116161a32f393b829ce00778411a9144bee4c77c,False
/home/ubuntu/webdev-static-assets/grade5-new-20260821/New folder (5)/Child_pointing_at_bush_shadow_202608212032.jpeg,New folder (5)/Child_pointing_at_bush_shadow_202608212032.jpeg,Child_pointing_at_bush_shadow_202608212032.jpeg,child pointing at bush shadow,1376,768,JPEG,44584b34916b4ece8144ab4be1f44fcfdecf74bd,False
/home/ubuntu/webdev-static-assets/grade5-new-20260821/New folder (5)/Child_pointing_at_sign_202608212033.jpeg,New folder (5)/Child_pointing_at_sign_202608212033.jpeg,Child_pointing_at_sign_202608212033.jpeg,child pointing at sign,1376,768,JPEG,4b1a7bb49c73f1183f94bf0e9f66bf4aaba203ee,False
/home/ubuntu/webdev-static-assets/grade5-new-20260821/New folder (5)/Child_raising_hand_in_classroom_202608212034.jpeg,New folder (5)/Child_raising_hand_in_classroom_202608212034.jpeg,Child_raising_hand_in_classroom_202608212034.jpeg,child raising hand in classroom,1376,768,JPEG,c5369b4426cd1eafa592f29f98c7a870bc023659,False
/home/ubuntu/webdev-static-assets/grade5-new-20260821/New folder (5)/Child_reaching_cookie_jar_202608212034.jpeg,New folder (5)/Child_reaching_cookie_jar_202608212034.jpeg,Child_reaching_cookie_jar_202608212034.jpeg,child reaching cookie jar,1376,768,JPEG,259ae067dda703c6684235d7923f8aa5f65d5c79,False
/home/ubuntu/webdev-static-assets/grade5-new-20260821/New folder (5)/Child_reaching_for_cookie_jar_202608212032.jpeg,New folder (5)/Child_reaching_for_cookie_jar_202608212032.jpeg,Child_reaching_for_cookie_jar_202608212032.jpeg,child reaching for cookie jar,1376,768,JPEG,84c02f03d1f88f81d45fdd7d80214a4175171760,False
/home/ubuntu/webdev-static-assets/grade5-new-20260821/New folder (5)/Child_realizing_with_glowing_lig…_202608212033.jpeg,New folder (5)/Child_realizing_with_glowing_lig…_202608212033.jpeg,Child_realizing_with_glowing_lig…_202608212033.jpeg,child realizing with glowing lig,1376,768,JPEG,ac07cf5075db355fd157271c55f170d6f27505cf,False
/home/ubuntu/webdev-static-assets/grade5-new-20260821/New folder (5)/Child_riding_bike_first_time_202608212033.jpeg,New folder (5)/Child_riding_bike_first_time_202608212033.jpeg,Child_riding_bike_first_time_202608212033.jpeg,child riding bike first time,1376,768,JPEG,f873bfea1102ae1d8a14ccec5f1a2f324516f467,False
/home/ubuntu/webdev-static-assets/grade5-new-20260821/New folder (5)/Child_riding_bike_successfully_202608212033.jpeg,New folder (5)/Child_riding_bike_successfully_202608212033.jpeg,Child_riding_bike_successfully_202608212033.jpeg,child riding bike successfully,1376,768,JPEG,1d1aaeade7b6819d5b4f0ba393a4a107deee0069,False
/home/ubuntu/webdev-static-assets/grade5-new-20260821/New folder (5)/Child_searching_under_bed_202608212033.jpeg,New folder (5)/Child_searching_under_bed_202608212033.jpeg,Child_searching_under_bed_202608212033.jpeg,child searching under bed,1376,768,JPEG,84e1c87c3292186ea8d7a585dfa43ac0a23a6f13,False
/home/ubuntu/webdev-static-assets/grade5-new-20260821/New folder (5)/Child_showing_drawing_to_teacher_202608212034.jpeg,New folder (5)/Child_showing_drawing_to_teacher_202608212034.jpeg,Child_showing_drawing_to_teacher_202608212034.jpeg,child showing drawing to teacher,1376,768,JPEG,dd174c4b26e3df390aa38ddddae06e41e90e4851,False
/home/ubuntu/webdev-static-assets/grade5-new-20260821/New folder (5)/Child_showing_knee_bandage_202608212033.jpeg,New folder (5)/Child_showing_knee_bandage_202608212033.jpeg,Child_showing_knee_bandage_202608212033.jpeg,child showing knee bandage,1376,768,JPEG,39d2c508b7eb4f85745afa07f6d3b61c16dfbad4,False
/home/ubuntu/webdev-static-assets/grade5-new-20260821/New folder (5)/Child_sitting_by_pool_202608212034.jpeg,New folder (5)/Child_sitting_by_pool_202608212034.jpeg,Child_sitting_by_pool_202608212034.jpeg,child sitting by pool,1376,768,JPEG,9a5d671e59f392808ca8b40236e8d105f527b95c,False
/home/ubuntu/webdev-static-assets/grade5-new-20260821/New folder (5)/Leader_managing_community_event_…_202608212032.jpeg,New folder (5)/Leader_managing_community_event_…_202608212032.jpeg,Leader_managing_community_event_…_202608212032.jpeg,leader managing community event,1376,768,JPEG,64319d96c05ff8f5f66034db14e0f25b4f5ce789,False
/home/ubuntu/webdev-static-assets/grade5-new-20260821/New folder (5)/Lifeguard_saving_person_in_water_202608212033.jpeg,New folder (5)/Lifeguard_saving_person_in_water_202608212033.jpeg,Lifeguard_saving_person_in_water_202608212033.jpeg,lifeguard saving person in water,1376,768,JPEG,1749041027d26281ba8044802191259dc0e40156,False
/home/ubuntu/webdev-static-assets/grade5-new-20260821/New folder (5)/Liquid_pumped_upwards_in_tube_202608212033.jpeg,New folder (5)/Liquid_pumped_upwards_in_tube_202608212033.jpeg,Liquid_pumped_upwards_in_tube_202608212033.jpeg,liquid pumped upwards in tube,1376,768,JPEG,a7e58673dc60772c8787a473473479e692d717c9,False
/home/ubuntu/webdev-static-assets/grade5-new-20260821/New folder (5)/Locked_gate_preventing_entry_202608212034.jpeg,New folder (5)/Locked_gate_preventing_entry_202608212034.jpeg,Locked_gate_preventing_entry_202608212034.jpeg,locked gate preventing entry,1376,768,JPEG,abad07a719042a62a747fe93e9a5978fb0e36f7a,False
/home/ubuntu/webdev-static-assets/grade5-new-20260821/New folder (5)/Mechanical_pump_moving_water_202608212033.jpeg,New folder (5)/Mechanical_pump_moving_water_202608212033.jpeg,Mechanical_pump_moving_water_202608212033.jpeg,mechanical pump moving water,1376,768,JPEG,8091d8b1da5675967520c11904acc55137eed6b0,False
/home/ubuntu/webdev-static-assets/grade5-new-20260821/New folder (5)/Medical_oxygen_tank_illustration_202608212033.jpeg,New folder (5)/Medical_oxygen_tank_illustration_202608212033.jpeg,Medical_oxygen_tank_illustration_202608212033.jpeg,medical oxygen tank illustration,1376,768,JPEG,d8546429b7f6cbeaf1655ce0989be72f9fddd63b,False
/home/ubuntu/webdev-static-assets/grade5-new-20260821/New folder (5)/Modern_city_with_solar_panels_202608212034.jpeg,New folder (5)/Modern_city_with_solar_panels_202608212034.jpeg,Modern_city_with_solar_panels_202608212034.jpeg,modern city with solar panels,1376,768,JPEG,6b043eaf0dc851b2d2208156199b06c466fc71e9,False
/home/ubuntu/webdev-static-assets/grade5-new-20260821/New folder (5)/Mud_bricks_drying_in_sun_202608212034.jpeg,New folder (5)/Mud_bricks_drying_in_sun_202608212034.jpeg,Mud_bricks_drying_in_sun_202608212034.jpeg,mud bricks drying in sun,1376,768,JPEG,a8780384d1d17b1ad219dbfe64a5af5ed3c4b4c1,False
/home/ubuntu/webdev-static-assets/grade5-new-20260821/New folder (5)/Open_cookbook_showing_food_recipe_202608212033.jpeg,New folder (5)/Open_cookbook_showing_food_recipe_202608212033.jpeg,Open_cookbook_showing_food_recipe_202608212033.jpeg,open cookbook showing food recipe,1376,768,JPEG,c669022bb3cbdc9721e81c94f21a2c1145f21077,False
/home/ubuntu/webdev-static-assets/grade5-new-20260821/New folder (5)/Open_lunchbox_with_sandwich_and_202608212032.jpeg,New folder (5)/Open_lunchbox_with_sandwich_and_202608212032.jpeg,Open_lunchbox_with_sandwich_and_202608212032.jpeg,open lunchbox with sandwich and,1376,768,JPEG,5f90f1461e93401b69fbc114ce6f905bc6e25497,False
/home/ubuntu/webdev-static-assets/grade5-new-20260821/New folder (5)/Package_delivered_on_doorstep_202608212033.jpeg,New folder (5)/Package_delivered_on_doorstep_202608212033.jpeg,Package_delivered_on_doorstep_202608212033.jpeg,package delivered on doorstep,1376,768,JPEG,2e43cb612d1d483aa284d704348d3b40976ffa8d,False
/home/ubuntu/webdev-static-assets/grade5-new-20260821/New folder (5)/Winding_road_through_mountains_202608212033.jpeg,New folder (5)/Winding_road_through_mountains_202608212033.jpeg,Winding_road_through_mountains_202608212033.jpeg,winding road through mountains,1376,768,JPEG,5e6e01409e6afb77cf84f90f3f7a66a48c55e3ba,False
/home/ubuntu/webdev-static-assets/grade5-new-20260821/New folder (5)/Wooden_birdhouse_with_broken_roof_202608212032.jpeg,New folder (5)/Wooden_birdhouse_with_broken_roof_202608212032.jpeg,Wooden_birdhouse_with_broken_roof_202608212032.jpeg,wooden birdhouse with broken roof,1376,768,JPEG,c66f51abc43af0dcd7fcfbbb594b5f39416fc42e,False
/home/ubuntu/webdev-static-assets/grade5-new-20260821/New folder (5)/Wooden_chair_beside_tree_trunk_202608212032.jpeg,New folder (5)/Wooden_chair_beside_tree_trunk_202608212032.jpeg,Wooden_chair_beside_tree_trunk_202608212032.jpeg,wooden chair beside tree trunk,1376,768,JPEG,251247ee073e85be9d89569e64661d4d9fd5ddfd,False
/home/ubuntu/webdev-static-assets/grade5-new-20260821/New folder (5)/Yellow_lightbulb_representing_el…_202608212033.jpeg,New folder (5)/Yellow_lightbulb_representing_el…_202608212033.jpeg,Yellow_lightbulb_representing_el…_202608212033.jpeg,yellow lightbulb representing el,1376,768,JPEG,3ef5f2bec74f32bced04b034ab6e753078e0609f,False
/home/ubuntu/webdev-static-assets/grade5-new-20260821/New folder (5)/Yellow_sand_blowing_in_wind_202608212032.jpeg,New folder (5)/Yellow_sand_blowing_in_wind_202608212032.jpeg,Yellow_sand_blowing_in_wind_202608212032.jpeg,yellow sand blowing in wind,1376,768,JPEG,098d1243e679dbd8272abe491d466a384da349bb,False
/home/ubuntu/webdev-static-assets/grade5-new-20260821/New folder (6)/Child_sneezing_into_tissue_202608212033.jpeg,New folder (6)/Child_sneezing_into_tissue_202608212033.jpeg,Child_sneezing_into_tissue_202608212033.jpeg,child sneezing into tissue,1376,768,JPEG,b06cad7a3afd65196f5c3a91abdd2bcb4f85771b,False
/home/ubuntu/webdev-static-assets/grade5-new-20260821/New folder (6)/Child_staying_awake_late_202608212034.jpeg,New folder (6)/Child_staying_awake_late_202608212034.jpeg,Child_staying_awake_late_202608212034.jpeg,child staying awake late,1376,768,JPEG,dac926967cad7045df2dea339a4c5e051b9cb89c,False
/home/ubuntu/webdev-static-assets/grade5-new-20260821/New folder (6)/Child_stopping_someone_at_wet_202608212034.jpeg,New folder (6)/Child_stopping_someone_at_wet_202608212034.jpeg,Child_stopping_someone_at_wet_202608212034.jpeg,child stopping someone at wet,1376,768,JPEG,16fd17fa8b91941f21f667b46f03c7dbc83dff89,False
/home/ubuntu/webdev-static-assets/grade5-new-20260821/New folder (6)/Child_thinking_with_question_mark_202608212033.jpeg,New folder (6)/Child_thinking_with_question_mark_202608212033.jpeg,Child_thinking_with_question_mark_202608212033.jpeg,child thinking with question mark,1376,768,JPEG,7d1756ae5fe34b936a1366c916a289baa489f4df,False
/home/ubuntu/webdev-static-assets/grade5-new-20260821/New folder (6)/Child_thinking_with_thought_bubble_202608212032.jpeg,New folder (6)/Child_thinking_with_thought_bubble_202608212032.jpeg,Child_thinking_with_thought_bubble_202608212032.jpeg,child thinking with thought bubble,1376,768,JPEG,1f154693f29272157dbcac262f4288817c38efc2,False
/home/ubuntu/webdev-static-assets/grade5-new-20260821/New folder (6)/Child_viewing_spilled_ice_cream_202608212034.jpeg,New folder (6)/Child_viewing_spilled_ice_cream_202608212034.jpeg,Child_viewing_spilled_ice_cream_202608212034.jpeg,child viewing spilled ice cream,1376,768,JPEG,a8d6fe919ea5e77a2f9d2c69f1d074b8155218a7,False
/home/ubuntu/webdev-static-assets/grade5-new-20260821/New folder (6)/Child_walking_toward_house_202608212033.jpeg,New folder (6)/Child_walking_toward_house_202608212033.jpeg,Child_walking_toward_house_202608212033.jpeg,child walking toward house,1376,768,JPEG,ee642b4fdf5a72dd750c101d5ad435f3cae51b48,False
/home/ubuntu/webdev-static-assets/grade5-new-20260821/New folder (6)/Child_walking_with_dog_202608212033.jpeg,New folder (6)/Child_walking_with_dog_202608212033.jpeg,Child_walking_with_dog_202608212033.jpeg,child walking with dog,1376,768,JPEG,4dca2aec3fc8c03e65df5217f2c63109e6b9bfdd,False
/home/ubuntu/webdev-static-assets/grade5-new-20260821/New folder (6)/Child_watering_potted_flower_202608212033.jpeg,New folder (6)/Child_watering_potted_flower_202608212033.jpeg,Child_watering_potted_flower_202608212033.jpeg,child watering potted flower,1376,768,JPEG,f534c1a1a61e3512397e43fb556bee9ea83bf441,False
/home/ubuntu/webdev-static-assets/grade5-new-20260821/New folder (6)/Child_waving_and_beckoning_202608212033.jpeg,New folder (6)/Child_waving_and_beckoning_202608212033.jpeg,Child_waving_and_beckoning_202608212033.jpeg,child waving and beckoning,1376,768,JPEG,6095c4fbe741f548af25a799699e155c202b4bfb,False
/home/ubuntu/webdev-static-assets/grade5-new-20260821/New folder (6)/Child_whispering_secret_to_another_202608212032.jpeg,New folder (6)/Child_whispering_secret_to_another_202608212032.jpeg,Child_whispering_secret_to_another_202608212032.jpeg,child whispering secret to another,1376,768,JPEG,8c20e2744d74427a61e38294e1347ead0b2c5220,False
/home/ubuntu/webdev-static-assets/grade5-new-20260821/New folder (6)/Children_balancing_on_seesaw_202608212033.jpeg,New folder (6)/Children_balancing_on_seesaw_202608212033.jpeg,Children_balancing_on_seesaw_202608212033.jpeg,children balancing on seesaw,1376,768,JPEG,f420e0113bfa848a716125b872f6b16dd09a0282,False
/home/ubuntu/webdev-static-assets/grade5-new-20260821/New folder (6)/Children_jumping_and_laughing_202608212034.jpeg,New folder (6)/Children_jumping_and_laughing_202608212034.jpeg,Children_jumping_and_laughing_202608212034.jpeg,children jumping and laughing,1376,768,JPEG,fb8f43ff6cf8b5da8241f73e7ae4ae5f49c922ac,False
/home/ubuntu/webdev-static-assets/grade5-new-20260821/New folder (6)/Children_playing_soccer_and_tennis_202608212034.jpeg,New folder (6)/Children_playing_soccer_and_tennis_202608212034.jpeg,Children_playing_soccer_and_tennis_202608212034.jpeg,children playing soccer and tennis,1376,768,JPEG,e8cf455c5fe83e4a112542301c88a89cbda8a35f,False
/home/ubuntu/webdev-static-assets/grade5-new-20260821/New folder (6)/Children_riding_spinning_teacups…_202608212034.jpeg,New folder (6)/Children_riding_spinning_teacups…_202608212034.jpeg,Children_riding_spinning_teacups…_202608212034.jpeg,children riding spinning teacups,1376,768,JPEG,e3edcfc4ddeea67781e42d093c5d7142b3b5e176,False
/home/ubuntu/webdev-static-assets/grade5-new-20260821/New folder (6)/Children_shaking_hands_agreeing_202608212034.jpeg,New folder (6)/Children_shaking_hands_agreeing_202608212034.jpeg,Children_shaking_hands_agreeing_202608212034.jpeg,children shaking hands agreeing,1376,768,JPEG,81471e4986d48915737c014e347ee7e07905b0bc,False
/home/ubuntu/webdev-static-assets/grade5-new-20260821/New folder (6)/Children_talking_on_toy_phones_202608212034.jpeg,New folder (6)/Children_talking_on_toy_phones_202608212034.jpeg,Children_talking_on_toy_phones_202608212034.jpeg,children talking on toy phones,1376,768,JPEG,034ac922ce15d7df8bf0c218f471549ca81dae94,False
/home/ubuntu/webdev-static-assets/grade5-new-20260821/New folder (6)/Parent_high-fiving_child_doing_h…_202608212034.jpeg,New folder (6)/Parent_high-fiving_child_doing_h…_202608212034.jpeg,Parent_high-fiving_child_doing_h…_202608212034.jpeg,parent high fiving child doing h,1376,768,JPEG,b8829c2ed1c83ad270ddae6aadad977973b1e362,False
/home/ubuntu/webdev-static-assets/grade5-new-20260821/New folder (6)/People_enduring_summer_heat_wave_202608212034.jpeg,New folder (6)/People_enduring_summer_heat_wave_202608212034.jpeg,People_enduring_summer_heat_wave_202608212034.jpeg,people enduring summer heat wave,1376,768,JPEG,3b96eed82e72db06f2966ba83ac2cfd77845f557,False
/home/ubuntu/webdev-static-assets/grade5-new-20260821/New folder (6)/People_standing_and_waving_202608212033.jpeg,New folder (6)/People_standing_and_waving_202608212033.jpeg,People_standing_and_waving_202608212033.jpeg,people standing and waving,1376,768,JPEG,192aade77f130078c11b62805302a15b4442fe41,False
/home/ubuntu/webdev-static-assets/grade5-new-20260821/New folder (6)/People_standing_on_cartoon_street_202608212032.jpeg,New folder (6)/People_standing_on_cartoon_street_202608212032.jpeg,People_standing_on_cartoon_street_202608212032.jpeg,people standing on cartoon street,1376,768,JPEG,d3495a0d72ab1f90ca9ef3bfa6a5035315506cd0,False
/home/ubuntu/webdev-static-assets/grade5-new-20260821/New folder (6)/People_walking_in_town_square_202608212032.jpeg,New folder (6)/People_walking_in_town_square_202608212032.jpeg,People_walking_in_town_square_202608212032.jpeg,people walking in town square,1376,768,JPEG,1680eea28543ff1c85a760950559f845867018e2,False
/home/ubuntu/webdev-static-assets/grade5-new-20260821/New folder (6)/Person_biting_potato_chip_202608212033.jpeg,New folder (6)/Person_biting_potato_chip_202608212033.jpeg,Person_biting_potato_chip_202608212033.jpeg,person biting potato chip,1376,768,JPEG,5416b574f44aa1a13816a72982350d917e171958,False
/home/ubuntu/webdev-static-assets/grade5-new-20260821/New folder (6)/Person_controlling_toy_drone_202608212034.jpeg,New folder (6)/Person_controlling_toy_drone_202608212034.jpeg,Person_controlling_toy_drone_202608212034.jpeg,person controlling toy drone,1376,768,JPEG,9f5220d84f4bb2686e29369cb6133789dd248db1,False
/home/ubuntu/webdev-static-assets/grade5-new-20260821/New folder (6)/Person_covering_with_blanket_on_202608212034.jpeg,New folder (6)/Person_covering_with_blanket_on_202608212034.jpeg,Person_covering_with_blanket_on_202608212034.jpeg,person covering with blanket on,1376,768,JPEG,bb9a7b7a263fb8683835232fa4321afd133f6840,False
/home/ubuntu/webdev-static-assets/grade5-new-20260821/New folder (6)/Phone_displaying_warning_exclama…_202608212034.jpeg,New folder (6)/Phone_displaying_warning_exclama…_202608212034.jpeg,Phone_displaying_warning_exclama…_202608212034.jpeg,phone displaying warning exclama,1376,768,JPEG,de6d3f7ccef1f6853e206ca25d92a48ef3422950,False
/home/ubuntu/webdev-static-assets/grade5-new-20260821/New folder (6)/Pictures_emerging_from_open_book_202608212033.jpeg,New folder (6)/Pictures_emerging_from_open_book_202608212033.jpeg,Pictures_emerging_from_open_book_202608212033.jpeg,pictures emerging from open book,1376,768,JPEG,ed7a6e14adce5467ae3d6d7d1e8757cd8eb2fa30,False
/home/ubuntu/webdev-static-assets/grade5-new-20260821/New folder (6)/Plate_with_seafood_202608212033.jpeg,New folder (6)/Plate_with_seafood_202608212033.jpeg,Plate_with_seafood_202608212033.jpeg,plate with seafood,1376,768,JPEG,34c3b8c5c8a27156197ff41c3e81e01858014257,False
/home/ubuntu/webdev-static-assets/grade5-new-20260821/New folder (6)/Water_flowing_into_crop_field_202608212034.jpeg,New folder (6)/Water_flowing_into_crop_field_202608212034.jpeg,Water_flowing_into_crop_field_202608212034.jpeg,water flowing into crop field,1376,768,JPEG,5d6f322e0f65efac6d4e7aff50a4bfcf2e791a0b,False
/home/ubuntu/webdev-static-assets/grade5-new-20260821/New folder (6)/Weather_vane_spinning_in_wind_202608212033.jpeg,New folder (6)/Weather_vane_spinning_in_wind_202608212033.jpeg,Weather_vane_spinning_in_wind_202608212033.jpeg,weather vane spinning in wind,1376,768,JPEG,2f2b7c8ca9c5f76c2b99864dcc3df9078d599bd5,False
/home/ubuntu/webdev-static-assets/grade5-new-20260821/New folder (6)/Wheat_growing_in_rural_field_202608212034.jpeg,New folder (6)/Wheat_growing_in_rural_field_202608212034.jpeg,Wheat_growing_in_rural_field_202608212034.jpeg,wheat growing in rural field,1376,768,JPEG,76f23a0d7cdcaafe976b795611519c110c9fc06c,False
/home/ubuntu/webdev-static-assets/grade5-new-20260821/New folder (6)/Wilted_flower_on_cracked_ground_202608212034.jpeg,New folder (6)/Wilted_flower_on_cracked_ground_202608212034.jpeg,Wilted_flower_on_cracked_ground_202608212034.jpeg,wilted flower on cracked ground,1376,768,JPEG,fadd4c3f8632060957dac1f0650fc4a13194b34a,False
/home/ubuntu/webdev-static-assets/grade5-new-20260821/New folder (6)/Wind_blowing_trees_down_202608212034.jpeg,New folder (6)/Wind_blowing_trees_down_202608212034.jpeg,Wind_blowing_trees_down_202608212034.jpeg,wind blowing trees down,1376,768,JPEG,d10cbde76820d1a3e5fea81cdef8606f87440896,False
/home/ubuntu/webdev-static-assets/grade5-new-20260821/New folder (7)/Abandoned_stone_cottage_with_ivy_202608212034.jpeg,New folder (7)/Abandoned_stone_cottage_with_ivy_202608212034.jpeg,Abandoned_stone_cottage_with_ivy_202608212034.jpeg,abandoned stone cottage with ivy,1376,768,JPEG,2913f6206cd47f5834442ade2fe4d8ae249069f1,False
/home/ubuntu/webdev-static-assets/grade5-new-20260821/New folder (7)/Airplane_taking_off_from_airport_202608212032.jpeg,New folder (7)/Airplane_taking_off_from_airport_202608212032.jpeg,Airplane_taking_off_from_airport_202608212032.jpeg,airplane taking off from airport,1376,768,JPEG,0736053ebefc5783f8385d0effd76ae011bf51be,False
/home/ubuntu/webdev-static-assets/grade5-new-20260821/New folder (7)/Ambulance_paramedics_helping_som…_202608212033.jpeg,New folder (7)/Ambulance_paramedics_helping_som…_202608212033.jpeg,Ambulance_paramedics_helping_som…_202608212033.jpeg,ambulance paramedics helping som,1376,768,JPEG,81a7198aceb7f64d9b688273efd145ed0f65f0c9,False
/home/ubuntu/webdev-static-assets/grade5-new-20260821/New folder (7)/Ant_carrying_leaf_202608212034.jpeg,New folder (7)/Ant_carrying_leaf_202608212034.jpeg,Ant_carrying_leaf_202608212034.jpeg,ant carrying leaf,1376,768,JPEG,a950b7af7cc68bc55c0dfad5872ce2db4a30d52e,False
/home/ubuntu/webdev-static-assets/grade5-new-20260821/New folder (7)/Anvil_on_block_with_hammer_202608212034.jpeg,New folder (7)/Anvil_on_block_with_hammer_202608212034.jpeg,Anvil_on_block_with_hammer_202608212034.jpeg,anvil on block with hammer,1376,768,JPEG,63830dadb57e9d1026e3b2096a2483c157f7e0bb,False
/home/ubuntu/webdev-static-assets/grade5-new-20260821/New folder (7)/Baker_handing_bread_to_child_202608212032.jpeg,New folder (7)/Baker_handing_bread_to_child_202608212032.jpeg,Baker_handing_bread_to_child_202608212032.jpeg,baker handing bread to child,1376,768,JPEG,9099e3e14a6bcf5942787685c32405726fba05fc,False
/home/ubuntu/webdev-static-assets/grade5-new-20260821/New folder (7)/Bakery_window_displaying_bread_c…_202608212032.jpeg,New folder (7)/Bakery_window_displaying_bread_c…_202608212032.jpeg,Bakery_window_displaying_bread_c…_202608212032.jpeg,bakery window displaying bread c,1376,768,JPEG,76e51189bc9f3ca06cf81a1d3056c8693255734c,False
/home/ubuntu/webdev-static-assets/grade5-new-20260821/New folder (7)/Bar_chart_showing_upward_increase_202608212033.jpeg,New folder (7)/Bar_chart_showing_upward_increase_202608212033.jpeg,Bar_chart_showing_upward_increase_202608212033.jpeg,bar chart showing upward increase,1376,768,JPEG,3209811c687624e731e485db410e58bb1c4a841c,False
/home/ubuntu/webdev-static-assets/grade5-new-20260821/New folder (7)/Baseball_hitting_wooden_bat_202608212034.jpeg,New folder (7)/Baseball_hitting_wooden_bat_202608212034.jpeg,Baseball_hitting_wooden_bat_202608212034.jpeg,baseball hitting wooden bat,1376,768,JPEG,00331bf355a337ab9d36715365fc0647d2eb6833,False
/home/ubuntu/webdev-static-assets/grade5-new-20260821/New folder (7)/Bears_together_in_forest_cave_202608212034.jpeg,New folder (7)/Bears_together_in_forest_cave_202608212034.jpeg,Bears_together_in_forest_cave_202608212034.jpeg,bears together in forest cave,1376,768,JPEG,deae7f6b8167b91f0e16a2cbc350d2cd50c482f9,False
/home/ubuntu/webdev-static-assets/grade5-new-20260821/New folder (7)/Beating_heart_medical_concept_202608212033.jpeg,New folder (7)/Beating_heart_medical_concept_202608212033.jpeg,Beating_heart_medical_concept_202608212033.jpeg,beating heart medical concept,1376,768,JPEG,5acfd2b9742824ba59a17e45b8833e8b96d64147,False
/home/ubuntu/webdev-static-assets/grade5-new-20260821/New folder (7)/Bird_family_in_cozy_birdhouse_202608212033.jpeg,New folder (7)/Bird_family_in_cozy_birdhouse_202608212033.jpeg,Bird_family_in_cozy_birdhouse_202608212033.jpeg,bird family in cozy birdhouse,1376,768,JPEG,5c12a20b723c2cf33afccd3a6d5a6d2412e69f17,False
/home/ubuntu/webdev-static-assets/grade5-new-20260821/New folder (7)/Bird_flying_over_forest_202608212034.jpeg,New folder (7)/Bird_flying_over_forest_202608212034.jpeg,Bird_flying_over_forest_202608212034.jpeg,bird flying over forest,1376,768,JPEG,b0999f8067877bbdeafa2a8db45aff53902ee000,False
/home/ubuntu/webdev-static-assets/grade5-new-20260821/New folder (7)/Boy_holding_gold_coin_202608212033.jpeg,New folder (7)/Boy_holding_gold_coin_202608212033.jpeg,Boy_holding_gold_coin_202608212033.jpeg,boy holding gold coin,1376,768,JPEG,615d9adff06dcec73cc4cc38610730bd11e80c43,False
/home/ubuntu/webdev-static-assets/grade5-new-20260821/New folder (7)/Boy_searching_through_grass_202608212034.jpeg,New folder (7)/Boy_searching_through_grass_202608212034.jpeg,Boy_searching_through_grass_202608212034.jpeg,boy searching through grass,1376,768,JPEG,df6a6eed1db263a7e6379ea0a72e7e3ea534a29d,False
/home/ubuntu/webdev-static-assets/grade5-new-20260821/New folder (7)/Burned_wooden_birdhouse_202608212034.jpeg,New folder (7)/Burned_wooden_birdhouse_202608212034.jpeg,Burned_wooden_birdhouse_202608212034.jpeg,burned wooden birdhouse,1376,768,JPEG,e21d3ff7399c2108f8d2941b10cab5af948a276f,False
/home/ubuntu/webdev-static-assets/grade5-new-20260821/New folder (7)/Butterfly_flying_over_flower_202608212033.jpeg,New folder (7)/Butterfly_flying_over_flower_202608212033.jpeg,Butterfly_flying_over_flower_202608212033.jpeg,butterfly flying over flower,1376,768,JPEG,51f801ceb211df720a51c9a1abfa1b1d2885a988,False
/home/ubuntu/webdev-static-assets/grade5-new-20260821/New folder (7)/Clock_glowing_for_round-the-cloc…_202608212033.jpeg,New folder (7)/Clock_glowing_for_round-the-cloc…_202608212033.jpeg,Clock_glowing_for_round-the-cloc…_202608212033.jpeg,clock glowing for round the cloc,1376,768,JPEG,4ee789cf89281c327946bd74fa0f220e3073003c,False
/home/ubuntu/webdev-static-assets/grade5-new-20260821/New folder (7)/Colorful_fabric_rolls_with_patterns_202608212034.jpeg,New folder (7)/Colorful_fabric_rolls_with_patterns_202608212034.jpeg,Colorful_fabric_rolls_with_patterns_202608212034.jpeg,colorful fabric rolls with patterns,1376,768,JPEG,f28d20154df3627bb2a7c7f007a0e4f99af9e8cf,False
/home/ubuntu/webdev-static-assets/grade5-new-20260821/New folder (7)/Comparing_baby_and_child_photos_202608212033.jpeg,New folder (7)/Comparing_baby_and_child_photos_202608212033.jpeg,Comparing_baby_and_child_photos_202608212033.jpeg,comparing baby and child photos,1376,768,JPEG,192936b1312648bef66d8533d8b513219ab31331,False
/home/ubuntu/webdev-static-assets/grade5-new-20260821/New folder (7)/Cookies_baking_in_oven_202608212033.jpeg,New folder (7)/Cookies_baking_in_oven_202608212033.jpeg,Cookies_baking_in_oven_202608212033.jpeg,cookies baking in oven,1376,768,JPEG,97c6b32fc88f1498feaf785328ab7f36b74f5d19,False
/home/ubuntu/webdev-static-assets/grade5-new-20260821/New folder (7)/Cooking_chicken_drumsticks_in_pan_202608212033.jpeg,New folder (7)/Cooking_chicken_drumsticks_in_pan_202608212033.jpeg,Cooking_chicken_drumsticks_in_pan_202608212033.jpeg,cooking chicken drumsticks in pan,1376,768,JPEG,f72f2aa6612fb622f3d7e474d294a54d5ae1e569,False
/home/ubuntu/webdev-static-assets/grade5-new-20260821/New folder (7)/Cracked_smartphone_screen_repres…_202608212034.jpeg,New folder (7)/Cracked_smartphone_screen_repres…_202608212034.jpeg,Cracked_smartphone_screen_repres…_202608212034.jpeg,cracked smartphone screen repres,1376,768,JPEG,14f5b00df50220a57f64e067c92b006b366905e2,False
/home/ubuntu/webdev-static-assets/grade5-new-20260821/New folder (7)/Crocodiles_basking_on_river_banks_202608212033.jpeg,New folder (7)/Crocodiles_basking_on_river_banks_202608212033.jpeg,Crocodiles_basking_on_river_banks_202608212033.jpeg,crocodiles basking on river banks,1376,768,JPEG,509750336abced53b1d81f8cec8ca7671b37e6d4,False
/home/ubuntu/webdev-static-assets/grade5-new-20260821/New folder (7)/Crystals_and_gold_in_cave_202608212032.jpeg,New folder (7)/Crystals_and_gold_in_cave_202608212032.jpeg,Crystals_and_gold_in_cave_202608212032.jpeg,crystals and gold in cave,1376,768,JPEG,c5562d59eab30b082978fa539c2d74acdc0a9584,False
/home/ubuntu/webdev-static-assets/grade5-new-20260821/New folder (7)/Damaged_toy_car_with_scratches_202608212034.jpeg,New folder (7)/Damaged_toy_car_with_scratches_202608212034.jpeg,Damaged_toy_car_with_scratches_202608212034.jpeg,damaged toy car with scratches,1376,768,JPEG,42ca5750642130ebd0bfd4b51e0ad153dc57b708,False
/home/ubuntu/webdev-static-assets/grade5-new-20260821/New folder (7)/Diagram_of_blood_vessels_in_202608212033.jpeg,New folder (7)/Diagram_of_blood_vessels_in_202608212033.jpeg,Diagram_of_blood_vessels_in_202608212033.jpeg,diagram of blood vessels in,1376,768,JPEG,1a18ab5e30c228f8388e160b4d514b2f215a3100,False
/home/ubuntu/webdev-static-assets/grade5-new-20260821/New folder (7)/Diagram_of_human_heart_202608212033.jpeg,New folder (7)/Diagram_of_human_heart_202608212033.jpeg,Diagram_of_human_heart_202608212033.jpeg,diagram of human heart,1376,768,JPEG,b3819344732651612d5d43dca4c0dbf5a685d6d1,False
/home/ubuntu/webdev-static-assets/grade5-new-20260821/New folder (7)/Player_controlling_video_game_ch…_202608212034.jpeg,New folder (7)/Player_controlling_video_game_ch…_202608212034.jpeg,Player_controlling_video_game_ch…_202608212034.jpeg,player controlling video game ch,1376,768,JPEG,3027567f8bd66f992ddfa04c3a27553de3b2f8d1,False
/home/ubuntu/webdev-static-assets/grade5-new-20260821/New folder (7)/Pot_of_soup_cooking_202608212033.jpeg,New folder (7)/Pot_of_soup_cooking_202608212033.jpeg,Pot_of_soup_cooking_202608212033.jpeg,pot of soup cooking,1376,768,JPEG,17b8c1d774b55f0dea643d0bef486698e0c3e22d,False
/home/ubuntu/webdev-static-assets/grade5-new-20260821/New folder (7)/Red_X_over_thorny_plant_202608212033.jpeg,New folder (7)/Red_X_over_thorny_plant_202608212033.jpeg,Red_X_over_thorny_plant_202608212033.jpeg,red x over thorny plant,1376,768,JPEG,1f651eec62d9e4a34c27cc9860c87bcd5d7a4ae6,False
/home/ubuntu/webdev-static-assets/grade5-new-20260821/New folder (7)/Red_blood_drop_under_microscope_202608212033.jpeg,New folder (7)/Red_blood_drop_under_microscope_202608212033.jpeg,Red_blood_drop_under_microscope_202608212033.jpeg,red blood drop under microscope,1376,768,JPEG,b5649e6dcff2b75a69a4d8238c11bdbe2850da06,False
/home/ubuntu/webdev-static-assets/grade5-new-20260821/New folder (7)/Red_heart_illustration_202608212033.jpeg,New folder (7)/Red_heart_illustration_202608212033.jpeg,Red_heart_illustration_202608212033.jpeg,red heart illustration,1376,768,JPEG,a0a1a4edf7d43aea35a2e3f1add4657846d3d546,False
/home/ubuntu/webdev-static-assets/grade5-new-20260821/New folder (7)/River_flowing_through_green_valley_202608212033.jpeg,New folder (7)/River_flowing_through_green_valley_202608212033.jpeg,River_flowing_through_green_valley_202608212033.jpeg,river flowing through green valley,1376,768,JPEG,fe5c45f29592173a15282d8b44fbb646babd8522,False
/home/ubuntu/webdev-static-assets/grade5-new-20260821/New folder (7)/Robot_holding_tablet_near_home_202608212032.jpeg,New folder (7)/Robot_holding_tablet_near_home_202608212032.jpeg,Robot_holding_tablet_near_home_202608212032.jpeg,robot holding tablet near home,1376,768,JPEG,1172a664698054c8c293bb66f01826ba00b4d214,False
/home/ubuntu/webdev-static-assets/grade5-new-20260821/New folder (7)/Rock_blocking_forest_path_202608212034.jpeg,New folder (7)/Rock_blocking_forest_path_202608212034.jpeg,Rock_blocking_forest_path_202608212034.jpeg,rock blocking forest path,1376,768,JPEG,497dda77ecf6d1d907e7cf38398ec5c1f3d5cb2c,False
/home/ubuntu/webdev-static-assets/grade5-new-20260821/New folder (7)/Room_transformation_split_screen_202608212033.jpeg,New folder (7)/Room_transformation_split_screen_202608212033.jpeg,Room_transformation_split_screen_202608212033.jpeg,room transformation split screen,1376,768,JPEG,530a55d7241267ead9f2794b9fdb92351e062af4,False
/home/ubuntu/webdev-static-assets/grade5-new-20260821/New folder (7)/Rotary_phone_and_modern_smartphone_202608212033.jpeg,New folder (7)/Rotary_phone_and_modern_smartphone_202608212033.jpeg,Rotary_phone_and_modern_smartphone_202608212033.jpeg,rotary phone and modern smartphone,1376,768,JPEG,f75d6c6c090d40e0a8d5a68205bf28e7100bd4c4,False
/home/ubuntu/webdev-static-assets/grade5-new-20260821/New folder (7)/Rubber_duck_floating_on_pond_202608212032.jpeg,New folder (7)/Rubber_duck_floating_on_pond_202608212032.jpeg,Rubber_duck_floating_on_pond_202608212032.jpeg,rubber duck floating on pond,1376,768,JPEG,e97c63748a1f2748d606d777bcab0995716b2f71,False
