index,archive_folder,source_filename,source_path,width,height,format,contact_sheet
1,01,Arabian_Leopard_illustration_202608201854.jpeg,/home/ubuntu/webdev-static-assets/primary4-remaining-uploaded/01/Arabian_Leopard_illustration_202608201854.jpeg,1376,768,JPEG,sheet-01-001-020.jpg
2,01,Baker_working_for_children_202608201854.jpeg,/home/ubuntu/webdev-static-assets/primary4-remaining-uploaded/01/Baker_working_for_children_202608201854.jpeg,1376,768,JPEG,sheet-01-001-020.jpg
3,01,Bear_hiding_behind_tree_202608201854.jpeg,/home/ubuntu/webdev-static-assets/primary4-remaining-uploaded/01/Bear_hiding_behind_tree_202608201854.jpeg,1376,768,JPEG,sheet-01-001-020.jpg
4,01,Bowl_of_steaming_soup_202608201854.jpeg,/home/ubuntu/webdev-static-assets/primary4-remaining-uploaded/01/Bowl_of_steaming_soup_202608201854.jpeg,1376,768,JPEG,sheet-01-001-020.jpg
5,01,Cartoon_furniture_for_children_202608201855.jpeg,/home/ubuntu/webdev-static-assets/primary4-remaining-uploaded/01/Cartoon_furniture_for_children_202608201855.jpeg,1376,768,JPEG,sheet-01-001-020.jpg
6,01,Cartoon_illustrating_taking_a_pi…_202608201854.jpeg,/home/ubuntu/webdev-static-assets/primary4-remaining-uploaded/01/Cartoon_illustrating_taking_a_pi…_202608201854.jpeg,1376,768,JPEG,sheet-01-001-020.jpg
7,01,Cartoon_illustration_disappearin…_202608201854.jpeg,/home/ubuntu/webdev-static-assets/primary4-remaining-uploaded/01/Cartoon_illustration_disappearin…_202608201854.jpeg,1376,768,JPEG,sheet-01-001-020.jpg
8,01,Cartoon_illustration_for_children_202608201854.jpeg,/home/ubuntu/webdev-static-assets/primary4-remaining-uploaded/01/Cartoon_illustration_for_children_202608201854.jpeg,1376,768,JPEG,sheet-01-001-020.jpg
9,01,Cartoon_illustration_of_flower_f…_202608201854.jpeg,/home/ubuntu/webdev-static-assets/primary4-remaining-uploaded/01/Cartoon_illustration_of_flower_f…_202608201854.jpeg,1376,768,JPEG,sheet-01-001-020.jpg
10,01,Cartoon_illustration_representin…_202608201854.jpeg,/home/ubuntu/webdev-static-assets/primary4-remaining-uploaded/01/Cartoon_illustration_representin…_202608201854.jpeg,1376,768,JPEG,sheet-01-001-020.jpg
11,01,Cartoon_items_needing_cleaning_202608201854.jpeg,/home/ubuntu/webdev-static-assets/primary4-remaining-uploaded/01/Cartoon_items_needing_cleaning_202608201854.jpeg,1376,768,JPEG,sheet-01-001-020.jpg
12,01,Cartoon_landscape_with_fields_202608201855.jpeg,/home/ubuntu/webdev-static-assets/primary4-remaining-uploaded/01/Cartoon_landscape_with_fields_202608201855.jpeg,1376,768,JPEG,sheet-01-001-020.jpg
13,01,Cartoon_nurse_for_children_202608201854.jpeg,/home/ubuntu/webdev-static-assets/primary4-remaining-uploaded/01/Cartoon_nurse_for_children_202608201854.jpeg,1376,768,JPEG,sheet-01-001-020.jpg
14,01,Cartoon_plant_died_illustration_202608201854.jpeg,/home/ubuntu/webdev-static-assets/primary4-remaining-uploaded/01/Cartoon_plant_died_illustration_202608201854.jpeg,1376,768,JPEG,sheet-01-001-020.jpg
15,01,Cartoon_school_uniform_for_children_202608201855.jpeg,/home/ubuntu/webdev-static-assets/primary4-remaining-uploaded/01/Cartoon_school_uniform_for_children_202608201855.jpeg,1376,768,JPEG,sheet-01-001-020.jpg
16,01,Cartoon_showing_kindness_to_others_202608201855.jpeg,/home/ubuntu/webdev-static-assets/primary4-remaining-uploaded/01/Cartoon_showing_kindness_to_others_202608201855.jpeg,1376,768,JPEG,sheet-01-001-020.jpg
17,01,Cartoon_tour_guide_for_children_202608201854.jpeg,/home/ubuntu/webdev-static-assets/primary4-remaining-uploaded/01/Cartoon_tour_guide_for_children_202608201854.jpeg,1376,768,JPEG,sheet-01-001-020.jpg
18,01,Cartoon_train_station_illustration_202608201855.jpeg,/home/ubuntu/webdev-static-assets/primary4-remaining-uploaded/01/Cartoon_train_station_illustration_202608201855.jpeg,1376,768,JPEG,sheet-01-001-020.jpg
19,01,Cartoon_wooden_blocks_illustration_202608201854.jpeg,/home/ubuntu/webdev-static-assets/primary4-remaining-uploaded/01/Cartoon_wooden_blocks_illustration_202608201854.jpeg,1376,768,JPEG,sheet-01-001-020.jpg
20,01,Cartoonish_crooked_tree_illustra…_202608201854.jpeg,/home/ubuntu/webdev-static-assets/primary4-remaining-uploaded/01/Cartoonish_crooked_tree_illustra…_202608201854.jpeg,1376,768,JPEG,sheet-01-001-020.jpg
21,01,Cartoonish_crooked_tree_illustra…_202608201855.jpeg,/home/ubuntu/webdev-static-assets/primary4-remaining-uploaded/01/Cartoonish_crooked_tree_illustra…_202608201855.jpeg,1376,768,JPEG,sheet-02-021-040.jpg
22,01,Castle_in_the_mountains_202608201854.jpeg,/home/ubuntu/webdev-static-assets/primary4-remaining-uploaded/01/Castle_in_the_mountains_202608201854.jpeg,1376,768,JPEG,sheet-02-021-040.jpg
23,01,Chick_hatching_from_egg_202608201854.jpeg,/home/ubuntu/webdev-static-assets/primary4-remaining-uploaded/01/Chick_hatching_from_egg_202608201854.jpeg,1376,768,JPEG,sheet-02-021-040.jpg
24,01,Child_collecting_seashells_202608201854.jpeg,/home/ubuntu/webdev-static-assets/primary4-remaining-uploaded/01/Child_collecting_seashells_202608201854.jpeg,1376,768,JPEG,sheet-02-021-040.jpg
25,01,Child_collecting_seashells_202608201854_2.jpeg,/home/ubuntu/webdev-static-assets/primary4-remaining-uploaded/01/Child_collecting_seashells_202608201854_2.jpeg,1376,768,JPEG,sheet-02-021-040.jpg
26,01,Child_helping_friend_on_playground_202608201856.jpeg,/home/ubuntu/webdev-static-assets/primary4-remaining-uploaded/01/Child_helping_friend_on_playground_202608201856.jpeg,1376,768,JPEG,sheet-02-021-040.jpg
27,02,Child_invited_inside_cozy_house_202608201855.jpeg,/home/ubuntu/webdev-static-assets/primary4-remaining-uploaded/02/Child_invited_inside_cozy_house_202608201855.jpeg,1376,768,JPEG,sheet-02-021-040.jpg
28,02,Child_invited_into_house_202608201854.jpeg,/home/ubuntu/webdev-static-assets/primary4-remaining-uploaded/02/Child_invited_into_house_202608201854.jpeg,1376,768,JPEG,sheet-02-021-040.jpg
29,02,Child_learning_to_ride_bike_202608201854.jpeg,/home/ubuntu/webdev-static-assets/primary4-remaining-uploaded/02/Child_learning_to_ride_bike_202608201854.jpeg,1376,768,JPEG,sheet-02-021-040.jpg
30,02,Child_learning_to_ride_bike_202608201854_2.jpeg,/home/ubuntu/webdev-static-assets/primary4-remaining-uploaded/02/Child_learning_to_ride_bike_202608201854_2.jpeg,1376,768,JPEG,sheet-02-021-040.jpg
31,02,Child_making_paper_toy_202608201856.jpeg,/home/ubuntu/webdev-static-assets/primary4-remaining-uploaded/02/Child_making_paper_toy_202608201856.jpeg,1376,768,JPEG,sheet-02-021-040.jpg
32,02,Child_putting_toys_in_box_202608201855.jpeg,/home/ubuntu/webdev-static-assets/primary4-remaining-uploaded/02/Child_putting_toys_in_box_202608201855.jpeg,1376,768,JPEG,sheet-02-021-040.jpg
33,02,Child_regretting_broken_toy_202608201854.jpeg,/home/ubuntu/webdev-static-assets/primary4-remaining-uploaded/02/Child_regretting_broken_toy_202608201854.jpeg,1376,768,JPEG,sheet-02-021-040.jpg
34,02,Child_requesting_a_snack_202608201854.jpeg,/home/ubuntu/webdev-static-assets/primary4-remaining-uploaded/02/Child_requesting_a_snack_202608201854.jpeg,1376,768,JPEG,sheet-02-021-040.jpg
35,02,Child_seeing_rainbow_202608201855.jpeg,/home/ubuntu/webdev-static-assets/primary4-remaining-uploaded/02/Child_seeing_rainbow_202608201855.jpeg,1376,768,JPEG,sheet-02-021-040.jpg
36,02,Child_selling_lemonade_at_stand_202608201855.jpeg,/home/ubuntu/webdev-static-assets/primary4-remaining-uploaded/02/Child_selling_lemonade_at_stand_202608201855.jpeg,1376,768,JPEG,sheet-02-021-040.jpg
37,02,Child_showing_drawing_202608201854.jpeg,/home/ubuntu/webdev-static-assets/primary4-remaining-uploaded/02/Child_showing_drawing_202608201854.jpeg,1376,768,JPEG,sheet-02-021-040.jpg
38,02,Child_sleeping_in_bed_202608201854.jpeg,/home/ubuntu/webdev-static-assets/primary4-remaining-uploaded/02/Child_sleeping_in_bed_202608201854.jpeg,1376,768,JPEG,sheet-02-021-040.jpg
39,02,Child_smiling_illustration_202608201856.jpeg,/home/ubuntu/webdev-static-assets/primary4-remaining-uploaded/02/Child_smiling_illustration_202608201856.jpeg,1376,768,JPEG,sheet-02-021-040.jpg
40,02,Child_solving_puzzle_202608201854.jpeg,/home/ubuntu/webdev-static-assets/primary4-remaining-uploaded/02/Child_solving_puzzle_202608201854.jpeg,1376,768,JPEG,sheet-02-021-040.jpg
41,02,Child_solving_puzzle_202608201854_2.jpeg,/home/ubuntu/webdev-static-assets/primary4-remaining-uploaded/02/Child_solving_puzzle_202608201854_2.jpeg,1376,768,JPEG,sheet-03-041-060.jpg
42,02,Child_speaking_to_a_friend_202608201856.jpeg,/home/ubuntu/webdev-static-assets/primary4-remaining-uploaded/02/Child_speaking_to_a_friend_202608201856.jpeg,1376,768,JPEG,sheet-03-041-060.jpg
43,02,Child_standing_on_one_leg_202608201854.jpeg,/home/ubuntu/webdev-static-assets/primary4-remaining-uploaded/02/Child_standing_on_one_leg_202608201854.jpeg,1376,768,JPEG,sheet-03-041-060.jpg
44,02,Child_taking_a_shower_202608201854.jpeg,/home/ubuntu/webdev-static-assets/primary4-remaining-uploaded/02/Child_taking_a_shower_202608201854.jpeg,1376,768,JPEG,sheet-03-041-060.jpg
45,02,Child_telling_secret_to_friend_202608201854.jpeg,/home/ubuntu/webdev-static-assets/primary4-remaining-uploaded/02/Child_telling_secret_to_friend_202608201854.jpeg,1376,768,JPEG,sheet-03-041-060.jpg
46,02,Child_telling_story_to_friends_202608201855.jpeg,/home/ubuntu/webdev-static-assets/primary4-remaining-uploaded/02/Child_telling_story_to_friends_202608201855.jpeg,1376,768,JPEG,sheet-03-041-060.jpg
47,02,Child_throwing_ball_202608201854.jpeg,/home/ubuntu/webdev-static-assets/primary4-remaining-uploaded/02/Child_throwing_ball_202608201854.jpeg,1376,768,JPEG,sheet-03-041-060.jpg
48,02,Child_waking_early_for_sun_202608201855.jpeg,/home/ubuntu/webdev-static-assets/primary4-remaining-uploaded/02/Child_waking_early_for_sun_202608201855.jpeg,1376,768,JPEG,sheet-03-041-060.jpg
49,02,Child_wants_to_create_painting_202608201855.jpeg,/home/ubuntu/webdev-static-assets/primary4-remaining-uploaded/02/Child_wants_to_create_painting_202608201855.jpeg,1376,768,JPEG,sheet-03-041-060.jpg
50,02,Tourists_taking_photos_202608201855.jpeg,/home/ubuntu/webdev-static-assets/primary4-remaining-uploaded/02/Tourists_taking_photos_202608201855.jpeg,1376,768,JPEG,sheet-03-041-060.jpg
51,02,Toy_animal_found_in_game_202608201854.jpeg,/home/ubuntu/webdev-static-assets/primary4-remaining-uploaded/02/Toy_animal_found_in_game_202608201854.jpeg,1376,768,JPEG,sheet-03-041-060.jpg
52,02,Traditional_turban_illustration_…_202608201854.jpeg,/home/ubuntu/webdev-static-assets/primary4-remaining-uploaded/02/Traditional_turban_illustration_…_202608201854.jpeg,1376,768,JPEG,sheet-03-041-060.jpg
53,02,Two_friends_shaking_hands_202608201855.jpeg,/home/ubuntu/webdev-static-assets/primary4-remaining-uploaded/02/Two_friends_shaking_hands_202608201855.jpeg,1376,768,JPEG,sheet-03-041-060.jpg
54,02,Veterinarian_helping_animal_cartoon_202608201855.jpeg,/home/ubuntu/webdev-static-assets/primary4-remaining-uploaded/02/Veterinarian_helping_animal_cartoon_202608201855.jpeg,1376,768,JPEG,sheet-03-041-060.jpg
55,03,Child_wearing_funny_costume_202608201855.jpeg,/home/ubuntu/webdev-static-assets/primary4-remaining-uploaded/03/Child_wearing_funny_costume_202608201855.jpeg,1376,768,JPEG,sheet-03-041-060.jpg
56,03,Child_wearing_traditional_galabeya_202608201854.jpeg,/home/ubuntu/webdev-static-assets/primary4-remaining-uploaded/03/Child_wearing_traditional_galabeya_202608201854.jpeg,1376,768,JPEG,sheet-03-041-060.jpg
57,03,Children's_winter_coat_illustration_202608201854.jpeg,/home/ubuntu/webdev-static-assets/primary4-remaining-uploaded/03/Children's_winter_coat_illustration_202608201854.jpeg,1376,768,JPEG,sheet-03-041-060.jpg
58,03,Children_club_cartoon_illustration_202608201854.jpeg,/home/ubuntu/webdev-static-assets/primary4-remaining-uploaded/03/Children_club_cartoon_illustration_202608201854.jpeg,1376,768,JPEG,sheet-03-041-060.jpg
59,03,Children_doing_daily_activities_202608201855.jpeg,/home/ubuntu/webdev-static-assets/primary4-remaining-uploaded/03/Children_doing_daily_activities_202608201855.jpeg,1376,768,JPEG,sheet-03-041-060.jpg
60,03,Children_handling_trash_responsibly_202608201854.jpeg,/home/ubuntu/webdev-static-assets/primary4-remaining-uploaded/03/Children_handling_trash_responsibly_202608201854.jpeg,1376,768,JPEG,sheet-03-041-060.jpg
61,03,Children_in_traditional_clothes_202608201855.jpeg,/home/ubuntu/webdev-static-assets/primary4-remaining-uploaded/03/Children_in_traditional_clothes_202608201855.jpeg,1376,768,JPEG,sheet-04-061-080.jpg
62,03,Children_participating_in_sack_race_202608201855.jpeg,/home/ubuntu/webdev-static-assets/primary4-remaining-uploaded/03/Children_participating_in_sack_race_202608201855.jpeg,1376,768,JPEG,sheet-04-061-080.jpg
63,03,Children_television_program_illu…_202608201855.jpeg,/home/ubuntu/webdev-static-assets/primary4-remaining-uploaded/03/Children_television_program_illu…_202608201855.jpeg,1376,768,JPEG,sheet-04-061-080.jpg
64,03,Children_washing_face_illustration_202608201855.jpeg,/home/ubuntu/webdev-static-assets/primary4-remaining-uploaded/03/Children_washing_face_illustration_202608201855.jpeg,1376,768,JPEG,sheet-04-061-080.jpg
65,03,Childrens_book_illustration_202608201855.jpeg,/home/ubuntu/webdev-static-assets/primary4-remaining-uploaded/03/Childrens_book_illustration_202608201855.jpeg,1376,768,JPEG,sheet-04-061-080.jpg
66,03,Colorful_children_vest_illustration_202608201854.jpeg,/home/ubuntu/webdev-static-assets/primary4-remaining-uploaded/03/Colorful_children_vest_illustration_202608201854.jpeg,1376,768,JPEG,sheet-04-061-080.jpg
67,03,Colorful_designs_on_children_T-s…_202608201854.jpeg,/home/ubuntu/webdev-static-assets/primary4-remaining-uploaded/03/Colorful_designs_on_children_T-s…_202608201854.jpeg,1376,768,JPEG,sheet-04-061-080.jpg
68,03,Colorful_stones_by_river_202608201854.jpeg,/home/ubuntu/webdev-static-assets/primary4-remaining-uploaded/03/Colorful_stones_by_river_202608201854.jpeg,1376,768,JPEG,sheet-04-061-080.jpg
69,03,Colorful_truck_illustration_for_…_202608201855.jpeg,/home/ubuntu/webdev-static-assets/primary4-remaining-uploaded/03/Colorful_truck_illustration_for_…_202608201855.jpeg,1376,768,JPEG,sheet-04-061-080.jpg
70,03,Dates_growing_on_palm_tree_202608201854.jpeg,/home/ubuntu/webdev-static-assets/primary4-remaining-uploaded/03/Dates_growing_on_palm_tree_202608201854.jpeg,1376,768,JPEG,sheet-04-061-080.jpg
71,03,Egyptian_Museum_building_illustr…_202608201856.jpeg,/home/ubuntu/webdev-static-assets/primary4-remaining-uploaded/03/Egyptian_Museum_building_illustr…_202608201856.jpeg,1376,768,JPEG,sheet-04-061-080.jpg
72,03,Elephant_trunk_illustration_202608201856.jpeg,/home/ubuntu/webdev-static-assets/primary4-remaining-uploaded/03/Elephant_trunk_illustration_202608201856.jpeg,1376,768,JPEG,sheet-04-061-080.jpg
73,03,Firefighters_holding_water_hoses_202608201854.jpeg,/home/ubuntu/webdev-static-assets/primary4-remaining-uploaded/03/Firefighters_holding_water_hoses_202608201854.jpeg,1376,768,JPEG,sheet-04-061-080.jpg
74,03,Fixing_a_broken_toy_202608201854.jpeg,/home/ubuntu/webdev-static-assets/primary4-remaining-uploaded/03/Fixing_a_broken_toy_202608201854.jpeg,1376,768,JPEG,sheet-04-061-080.jpg
75,03,Flower_wilting_naturally_202608201854.jpeg,/home/ubuntu/webdev-static-assets/primary4-remaining-uploaded/03/Flower_wilting_naturally_202608201854.jpeg,1376,768,JPEG,sheet-04-061-080.jpg
76,03,Friendly_elephant_illustration_202608201855.jpeg,/home/ubuntu/webdev-static-assets/primary4-remaining-uploaded/03/Friendly_elephant_illustration_202608201855.jpeg,1376,768,JPEG,sheet-04-061-080.jpg
77,03,Friendly_nurse_cartoon_illustration_202608201855.jpeg,/home/ubuntu/webdev-static-assets/primary4-remaining-uploaded/03/Friendly_nurse_cartoon_illustration_202608201855.jpeg,1376,768,JPEG,sheet-04-061-080.jpg
78,03,Friendly_zebra_illustration_202608201854.jpeg,/home/ubuntu/webdev-static-assets/primary4-remaining-uploaded/03/Friendly_zebra_illustration_202608201854.jpeg,1376,768,JPEG,sheet-04-061-080.jpg
79,03,Gold_coins_for_children_202608201854.jpeg,/home/ubuntu/webdev-static-assets/primary4-remaining-uploaded/03/Gold_coins_for_children_202608201854.jpeg,1376,768,JPEG,sheet-04-061-080.jpg
80,03,Gold_coins_illustration_202608201854.jpeg,/home/ubuntu/webdev-static-assets/primary4-remaining-uploaded/03/Gold_coins_illustration_202608201854.jpeg,1376,768,JPEG,sheet-04-061-080.jpg
81,04,Cartoon_elephant_illustration_202608201855.jpeg,/home/ubuntu/webdev-static-assets/primary4-remaining-uploaded/04/Cartoon_elephant_illustration_202608201855.jpeg,1376,768,JPEG,sheet-05-081-100.jpg
82,04,Palm_trees_and_felucca_boats_202608201855.jpeg,/home/ubuntu/webdev-static-assets/primary4-remaining-uploaded/04/Palm_trees_and_felucca_boats_202608201855.jpeg,1376,768,JPEG,sheet-05-081-100.jpg
83,04,Party_decorations_and_balloons_202608201855.jpeg,/home/ubuntu/webdev-static-assets/primary4-remaining-uploaded/04/Party_decorations_and_balloons_202608201855.jpeg,1376,768,JPEG,sheet-05-081-100.jpg
84,04,Person_solving_mystery_with_magn…_202608201855.jpeg,/home/ubuntu/webdev-static-assets/primary4-remaining-uploaded/04/Person_solving_mystery_with_magn…_202608201855.jpeg,1376,768,JPEG,sheet-05-081-100.jpg
85,04,Person_watering_flowers_202608201855.jpeg,/home/ubuntu/webdev-static-assets/primary4-remaining-uploaded/04/Person_watering_flowers_202608201855.jpeg,1376,768,JPEG,sheet-05-081-100.jpg
86,04,Photographer_taking_photos_of_an…_202608201855.jpeg,/home/ubuntu/webdev-static-assets/primary4-remaining-uploaded/04/Photographer_taking_photos_of_an…_202608201855.jpeg,1376,768,JPEG,sheet-05-081-100.jpg
87,04,Plate_of_fruits_and_vegetables_202608201855.jpeg,/home/ubuntu/webdev-static-assets/primary4-remaining-uploaded/04/Plate_of_fruits_and_vegetables_202608201855.jpeg,1376,768,JPEG,sheet-05-081-100.jpg
88,04,Pointed_pencil_illustration_202608201854.jpeg,/home/ubuntu/webdev-static-assets/primary4-remaining-uploaded/04/Pointed_pencil_illustration_202608201854.jpeg,1376,768,JPEG,sheet-05-081-100.jpg
89,04,Puzzle_solved_illustration_202608201854.jpeg,/home/ubuntu/webdev-static-assets/primary4-remaining-uploaded/04/Puzzle_solved_illustration_202608201854.jpeg,1376,768,JPEG,sheet-05-081-100.jpg
90,04,Red_Sea_Dugong_illustration_202608201855.jpeg,/home/ubuntu/webdev-static-assets/primary4-remaining-uploaded/04/Red_Sea_Dugong_illustration_202608201855.jpeg,1376,768,JPEG,sheet-05-081-100.jpg
91,04,Robot_made_from_blocks_202608201854.jpeg,/home/ubuntu/webdev-static-assets/primary4-remaining-uploaded/04/Robot_made_from_blocks_202608201854.jpeg,1376,768,JPEG,sheet-05-081-100.jpg
92,04,Seedling_blowing_in_wind_202608201855.jpeg,/home/ubuntu/webdev-static-assets/primary4-remaining-uploaded/04/Seedling_blowing_in_wind_202608201855.jpeg,1376,768,JPEG,sheet-05-081-100.jpg
93,04,Shaking_juice_bottle_202608201854.jpeg,/home/ubuntu/webdev-static-assets/primary4-remaining-uploaded/04/Shaking_juice_bottle_202608201854.jpeg,1376,768,JPEG,sheet-05-081-100.jpg
94,04,Shop_owner_smiling_for_children_202608201855.jpeg,/home/ubuntu/webdev-static-assets/primary4-remaining-uploaded/04/Shop_owner_smiling_for_children_202608201855.jpeg,1376,768,JPEG,sheet-05-081-100.jpg
95,04,Shop_owner_smiling_for_children_202608201856.jpeg,/home/ubuntu/webdev-static-assets/primary4-remaining-uploaded/04/Shop_owner_smiling_for_children_202608201856.jpeg,1376,768,JPEG,sheet-05-081-100.jpg
96,04,Shopping_mall_illustration_202608201854.jpeg,/home/ubuntu/webdev-static-assets/primary4-remaining-uploaded/04/Shopping_mall_illustration_202608201854.jpeg,1376,768,JPEG,sheet-05-081-100.jpg
97,04,Sign_pointing_to_park_202608201854.jpeg,/home/ubuntu/webdev-static-assets/primary4-remaining-uploaded/04/Sign_pointing_to_park_202608201854.jpeg,1376,768,JPEG,sheet-05-081-100.jpg
98,04,Singing_bird_representing_voice_202608201855.jpeg,/home/ubuntu/webdev-static-assets/primary4-remaining-uploaded/04/Singing_bird_representing_voice_202608201855.jpeg,1376,768,JPEG,sheet-05-081-100.jpg
99,04,Smiling_sun_illustration_202608201856.jpeg,/home/ubuntu/webdev-static-assets/primary4-remaining-uploaded/04/Smiling_sun_illustration_202608201856.jpeg,1376,768,JPEG,sheet-05-081-100.jpg
100,04,Sold_item_sticker_illustration_202608201854.jpeg,/home/ubuntu/webdev-static-assets/primary4-remaining-uploaded/04/Sold_item_sticker_illustration_202608201854.jpeg,1376,768,JPEG,sheet-05-081-100.jpg
101,04,Sparkling_salt_lake_with_shores_202608201855.jpeg,/home/ubuntu/webdev-static-assets/primary4-remaining-uploaded/04/Sparkling_salt_lake_with_shores_202608201855.jpeg,1376,768,JPEG,sheet-06-101-120.jpg
102,04,Student_studying_for_children_202608201855.jpeg,/home/ubuntu/webdev-static-assets/primary4-remaining-uploaded/04/Student_studying_for_children_202608201855.jpeg,1376,768,JPEG,sheet-06-101-120.jpg
103,04,Sturdy_wall_standing_strong_202608201855.jpeg,/home/ubuntu/webdev-static-assets/primary4-remaining-uploaded/04/Sturdy_wall_standing_strong_202608201855.jpeg,1376,768,JPEG,sheet-06-101-120.jpg
104,04,Surprised_child_seeing_big_gift_202608201854.jpeg,/home/ubuntu/webdev-static-assets/primary4-remaining-uploaded/04/Surprised_child_seeing_big_gift_202608201854.jpeg,1376,768,JPEG,sheet-06-101-120.jpg
105,04,Table_covered_with_colorful_cloth_202608201855.jpeg,/home/ubuntu/webdev-static-assets/primary4-remaining-uploaded/04/Table_covered_with_colorful_cloth_202608201855.jpeg,1376,768,JPEG,sheet-06-101-120.jpg
106,04,Table_covered_with_treats_202608201855.jpeg,/home/ubuntu/webdev-static-assets/primary4-remaining-uploaded/04/Table_covered_with_treats_202608201855.jpeg,1376,768,JPEG,sheet-06-101-120.jpg
107,04,Teacher_checking_student_work_202608201854.jpeg,/home/ubuntu/webdev-static-assets/primary4-remaining-uploaded/04/Teacher_checking_student_work_202608201854.jpeg,1376,768,JPEG,sheet-06-101-120.jpg
108,05,Animals_hunting_for_food_202608201854.jpeg,/home/ubuntu/webdev-static-assets/primary4-remaining-uploaded/05/Animals_hunting_for_food_202608201854.jpeg,1376,768,JPEG,sheet-06-101-120.jpg
109,05,Cartoon_animals_hunt_for_food_202608201854.jpeg,/home/ubuntu/webdev-static-assets/primary4-remaining-uploaded/05/Cartoon_animals_hunt_for_food_202608201854.jpeg,1376,768,JPEG,sheet-06-101-120.jpg
110,05,Cartoon_illustrating_items_needi…_202608201855.jpeg,/home/ubuntu/webdev-static-assets/primary4-remaining-uploaded/05/Cartoon_illustrating_items_needi…_202608201855.jpeg,1376,768,JPEG,sheet-06-101-120.jpg
111,05,Hand_reaching_for_star_202608201855.jpeg,/home/ubuntu/webdev-static-assets/primary4-remaining-uploaded/05/Hand_reaching_for_star_202608201855.jpeg,1376,768,JPEG,sheet-06-101-120.jpg
112,05,Happy_cartoon_face_illustration_202608201855.jpeg,/home/ubuntu/webdev-static-assets/primary4-remaining-uploaded/05/Happy_cartoon_face_illustration_202608201855.jpeg,1376,768,JPEG,sheet-06-101-120.jpg
113,05,Illustration_of_Siwa_Oasis_pool_202608201854.jpeg,/home/ubuntu/webdev-static-assets/primary4-remaining-uploaded/05/Illustration_of_Siwa_Oasis_pool_202608201854.jpeg,1376,768,JPEG,sheet-06-101-120.jpg
114,05,Illustration_representing_Delta_…_202608201856.jpeg,/home/ubuntu/webdev-static-assets/primary4-remaining-uploaded/05/Illustration_representing_Delta_…_202608201856.jpeg,1376,768,JPEG,sheet-06-101-120.jpg
115,05,Illustration_representing_south_…_202608201855.jpeg,/home/ubuntu/webdev-static-assets/primary4-remaining-uploaded/05/Illustration_representing_south_…_202608201855.jpeg,1376,768,JPEG,sheet-06-101-120.jpg
116,05,Illustration_showing_basket_weaving_202608201855.jpeg,/home/ubuntu/webdev-static-assets/primary4-remaining-uploaded/05/Illustration_showing_basket_weaving_202608201855.jpeg,1376,768,JPEG,sheet-06-101-120.jpg
117,05,Illustration_showing_colorful_ru…_202608201855.jpeg,/home/ubuntu/webdev-static-assets/primary4-remaining-uploaded/05/Illustration_showing_colorful_ru…_202608201855.jpeg,1376,768,JPEG,sheet-06-101-120.jpg
118,05,Illustration_showing_kindness_an…_202608201854.jpeg,/home/ubuntu/webdev-static-assets/primary4-remaining-uploaded/05/Illustration_showing_kindness_an…_202608201854.jpeg,1376,768,JPEG,sheet-06-101-120.jpg
119,05,Illustration_teaching_kindness_t…_202608201855.jpeg,/home/ubuntu/webdev-static-assets/primary4-remaining-uploaded/05/Illustration_teaching_kindness_t…_202608201855.jpeg,1376,768,JPEG,sheet-06-101-120.jpg
120,05,Kids_playing_in_sun_202608201854.jpeg,/home/ubuntu/webdev-static-assets/primary4-remaining-uploaded/05/Kids_playing_in_sun_202608201854.jpeg,1376,768,JPEG,sheet-06-101-120.jpg
121,05,Magic_trick_for_children_202608201854.jpeg,/home/ubuntu/webdev-static-assets/primary4-remaining-uploaded/05/Magic_trick_for_children_202608201854.jpeg,1376,768,JPEG,sheet-07-121-131.jpg
122,05,Mountains_and_sea_illustration_202608201855.jpeg,/home/ubuntu/webdev-static-assets/primary4-remaining-uploaded/05/Mountains_and_sea_illustration_202608201855.jpeg,1376,768,JPEG,sheet-07-121-131.jpg
123,05,Object_disappearing_like_magic_202608201854.jpeg,/home/ubuntu/webdev-static-assets/primary4-remaining-uploaded/05/Object_disappearing_like_magic_202608201854.jpeg,1376,768,JPEG,sheet-07-121-131.jpg
124,05,Owl_illustration_for_children_202608201854.jpeg,/home/ubuntu/webdev-static-assets/primary4-remaining-uploaded/05/Owl_illustration_for_children_202608201854.jpeg,1376,768,JPEG,sheet-07-121-131.jpg
125,05,Owl_reading_book_202608201854.jpeg,/home/ubuntu/webdev-static-assets/primary4-remaining-uploaded/05/Owl_reading_book_202608201854.jpeg,1376,768,JPEG,sheet-07-121-131.jpg
126,05,Painted_fence_illustration_202608201854.jpeg,/home/ubuntu/webdev-static-assets/primary4-remaining-uploaded/05/Painted_fence_illustration_202608201854.jpeg,1376,768,JPEG,sheet-07-121-131.jpg
127,05,Visitors_arriving_at_park_202608201855.jpeg,/home/ubuntu/webdev-static-assets/primary4-remaining-uploaded/05/Visitors_arriving_at_park_202608201855.jpeg,1376,768,JPEG,sheet-07-121-131.jpg
128,05,Voice-over_actor_using_microphone_202608201855.jpeg,/home/ubuntu/webdev-static-assets/primary4-remaining-uploaded/05/Voice-over_actor_using_microphone_202608201855.jpeg,1376,768,JPEG,sheet-07-121-131.jpg
129,05,Voice_actor_with_microphone_202608201854.jpeg,/home/ubuntu/webdev-static-assets/primary4-remaining-uploaded/05/Voice_actor_with_microphone_202608201854.jpeg,1376,768,JPEG,sheet-07-121-131.jpg
130,05,Young_artist_painting_landscape_202608201855.jpeg,/home/ubuntu/webdev-static-assets/primary4-remaining-uploaded/05/Young_artist_painting_landscape_202608201855.jpeg,1376,768,JPEG,sheet-07-121-131.jpg
131,05,Yours_truly_sign_with_heart_202608201854.jpeg,/home/ubuntu/webdev-static-assets/primary4-remaining-uploaded/05/Yours_truly_sign_with_heart_202608201854.jpeg,1376,768,JPEG,sheet-07-121-131.jpg
