source_number,source_path,candidate_term,normalized_candidate,candidate_is_manifest_term,confidence,caption,has_visible_text,has_watermark_or_logo,accept_for_flashcard,selection_score
1000212209,/home/ubuntu/upload/1000212209.jpg,,,False,low,classification error (JSONDecodeError): Unterminated string starting at: line 4 column 14 (char 73),False,False,False,0
1000212210,/home/ubuntu/upload/1000212210.jpg,,,False,low,classification error (JSONDecodeError): Unterminated string starting at: line 4 column 14 (char 68),False,False,False,0
1000212211,/home/ubuntu/upload/1000212211.jpg,doctor,doctor,True,high,A cartoon illustration of a smiling male doctor in a white coat and stethoscope holding a patient chart in a clinic hallway.,True,False,True,330
1000212212,/home/ubuntu/upload/1000212212.jpg,drink plenty of water,drink plenty of water,True,high,A young girl happily drinking a large glass of cold water with a lemon slice through a straw in a kitchen.,False,False,True,335
1000212213,/home/ubuntu/upload/1000212213.jpg,,,False,low,classification error (JSONDecodeError): Unterminated string starting at: line 4 column 14 (char 70),False,False,False,0
1000212214,/home/ubuntu/upload/1000212214.jpg,do exercises,do exercises,True,high,"A group of people are seen performing various physical activities such as lifting weights, running on a treadmill, and jumping in a gym setting.",True,False,True,330
1000212215,/home/ubuntu/upload/1000212215.jpg,deep breath,deep breath,True,high,"A cartoon boy stands on a nature trail, eyes closed and smiling, taking a deep breath of fresh air as indicated by a nearby sign.",True,False,True,330
1000212216,/home/ubuntu/upload/1000212216.jpg,diary,diary,True,high,"A pink, decorated secret diary with a heart-shaped lock and key on a desk.",True,False,True,330
1000212217,/home/ubuntu/upload/1000212217.jpg,dinner,dinner,True,high,A family gathers around a large table to enjoy a festive dinner together in a cozy room with a fireplace.,False,False,True,335
1000212218,/home/ubuntu/upload/1000212218.jpg,,,False,low,classification error (JSONDecodeError): Unterminated string starting at: line 4 column 14 (char 70),False,False,False,0
1000212219,/home/ubuntu/upload/1000212219.jpg,,,False,low,classification error (JSONDecodeError): Unterminated string starting at: line 4 column 14 (char 68),False,False,False,0
1000212220,/home/ubuntu/upload/1000212220.jpg,dress,dress,True,high,A colorful floral dress displayed on a mannequin in a sewing studio.,True,False,True,330
1000212221,/home/ubuntu/upload/1000212221.jpg,dirty,dirty,True,high,"A happy cartoon character and children playing in a mud puddle, getting their clothes and fur covered in dirt.",False,False,True,335
1000212222,/home/ubuntu/upload/1000212222.jpg,cartoons,cartoons,True,high,A corkboard covered with various colorful cartoon drawings and sketches of characters and animals.,False,False,True,335
1000212223,/home/ubuntu/upload/1000212223.jpg,cartoons,cartoons,True,high,An artist's desk with various cartoon character sketches and a finished colorful illustration.,True,False,True,330
1000212224,/home/ubuntu/upload/1000212224.jpg,climb,climb,True,high,A young girl wearing a helmet and harness is climbing a colorful indoor rock wall.,False,False,True,335
1000212225,/home/ubuntu/upload/1000212225.jpg,at night,at night,True,high,A cartoon illustration of a peaceful village under a starry sky with a crescent moon at night.,False,False,True,335
1000212226,/home/ubuntu/upload/1000212226.jpg,city,city,True,high,"A vibrant, futuristic cartoon city at night with glowing neon signs and flying vehicles.",True,False,True,330
1000212227,/home/ubuntu/upload/1000212227.jpg,catch,catch,True,high,A cartoon boy in a baseball uniform dives to catch a baseball during a game.,True,False,True,330
1000212228,/home/ubuntu/upload/1000212228.jpg,art,art,True,high,"A vibrant art studio scene featuring a wooden palette covered in colorful paint, multiple brushes, and tubes of paint scattered on a table.",True,False,True,330
1000212229,/home/ubuntu/upload/1000212229.jpg,,,False,low,classification error (JSONDecodeError): Unterminated string starting at: line 4 column 14 (char 68),False,False,False,0
1000212230,/home/ubuntu/upload/1000212230.jpg,cave,cave,True,high,A cartoon girl stands in front of a glowing crystal cave at night.,True,False,True,330
1000212231,/home/ubuntu/upload/1000212231.jpg,as well,as well,True,high,"A boy and a girl are each holding a red apple in a park-like setting, illustrating the phrase 'as well'.",True,False,True,330
1000212232,/home/ubuntu/upload/1000212232.jpg,carpets,carpets,True,high,A stack of colorful carpets with various patterns and tassels on a wooden floor.,False,False,True,335
1000212233,/home/ubuntu/upload/1000212233.jpg,apologize,apologize,True,high,"A sad cartoon blue bear with clasped hands and teary eyes, appearing to apologize for the mess in the room.",False,False,True,335
1000212234,/home/ubuntu/upload/1000212234.jpg,cap,cap,True,high,A blue baseball cap with a logo that says 'BASEBALL CLUB'.,True,False,True,330
1000212235,/home/ubuntu/upload/1000212235.jpg,,,False,low,classification error (JSONDecodeError): Unterminated string starting at: line 4 column 14 (char 76),False,False,False,0
1000212236,/home/ubuntu/upload/1000212236.jpg,celebrate,celebrate,True,high,A group of diverse children jumping for joy and cheering in a sunny field with a castle in the background.,False,False,True,335
1000212237,/home/ubuntu/upload/1000212237.jpg,fishing net,fishing net,True,high,A cartoon orange fish with a surprised expression is caught in a fishing net being lifted out of the blue sea.,False,False,True,335
1000212238,/home/ubuntu/upload/1000212238.jpg,butterflies,butterflies,True,high,A vibrant meadow filled with many colorful butterflies flying over a variety of blooming flowers under a bright sunny sky.,False,False,True,335
1000212239,/home/ubuntu/upload/1000212239.jpg,,,False,low,classification error (JSONDecodeError): Expecting value: line 1 column 174 (char 173),False,False,False,0
1000212240,/home/ubuntu/upload/1000212240.jpg,carpenter,carpenter,True,high,"A man in a workshop using a hand saw to cut a piece of wood, surrounded by various woodworking tools.",True,False,True,330
1000212241,/home/ubuntu/upload/1000212241.jpg,call out,call out,True,high,"A cartoon boy stands on a hill and shouts loudly, cupping his hands to his mouth to call out to others.",True,False,True,330
1000212242,/home/ubuntu/upload/1000212242.jpg,closet,closet,True,high,"A neatly organized walk-in closet filled with clothes, shoes, and storage boxes.",True,False,True,330
1000212243,/home/ubuntu/upload/1000212243.jpg,breakfast,breakfast,True,high,"A cheerful cartoon illustration of a breakfast meal featuring a bowl of cereal, a glass of orange juice, and a piece of toast on a table by a sunny window.",True,False,True,330
1000212244,/home/ubuntu/upload/1000212244.jpg,carelessly,carelessly,True,high,A boy walks through a messy room and carelessly steps on a toy fire truck while singing loudly.,True,False,True,330
1000212245,/home/ubuntu/upload/1000212245.jpg,closet,closet,True,high,"A well-organized walk-in closet filled with colorful clothes, shoes, and accessories.",False,False,True,335
1000212246,/home/ubuntu/upload/1000212246.jpg,,,False,low,classification error (JSONDecodeError): Unterminated string starting at: line 4 column 14 (char 68),False,False,False,0
1000212247,/home/ubuntu/upload/1000212247.jpg,,,False,low,classification error (JSONDecodeError): Unterminated string starting at: line 4 column 14 (char 68),False,False,False,0
1000212248,/home/ubuntu/upload/1000212248.jpg,claws,claws,True,high,A close-up illustration of sharp animal claws scratching and ripping into a wooden surface.,True,False,True,330
1000212249,/home/ubuntu/upload/1000212249.jpg,carpenter,carpenter,True,high,"A badger working as a carpenter, carving a wooden owl while a mouse watches closely.",False,False,True,335
1000212250,/home/ubuntu/upload/1000212250.jpg,helping hands,helping hands,True,high,"Two hands cupped together holding a glowing pink heart, symbolizing kindness and help.",False,False,True,335
1000212251,/home/ubuntu/upload/1000212251.jpg,reached,reached,True,high,A mountain climber stands triumphantly on a snowy peak holding a flag that says 'SUMMIT REACHED!'.,True,False,True,330
1000212252,/home/ubuntu/upload/1000212252.jpg,discuss,discuss,True,high,"A fox and a bear student sit at a desk in a classroom, talking to each other in front of a blackboard that says 'DISCUSS!'.",True,False,True,330
1000212253,/home/ubuntu/upload/1000212253.jpg,colorful,colorful,True,high,"A vibrant, multi-colored cartoon character holding a paintbrush.",False,False,True,335
1000212254,/home/ubuntu/upload/1000212254.jpg,cage,cage,True,high,A blue and yellow birdcage with an open door sitting on a wooden shelf.,False,False,True,335
1000212255,/home/ubuntu/upload/1000212255.jpg,apologize,apologize,True,high,A sad little blue monster holding a sign that says 'SORRY!' to apologize.,True,False,True,330
1000212256,/home/ubuntu/upload/1000212256.jpg,,,False,low,classification error (JSONDecodeError): Expecting property name enclosed in double quotes: line 1 column 172 (char 171),False,False,False,0
1000212257,/home/ubuntu/upload/1000212257.jpg,do a great job,do a great job,True,high,A teacher and students applaud a boy holding a star that says 'GREAT JOB! LEO!' in a classroom setting.,True,False,True,330
1000212258,/home/ubuntu/upload/1000212258.jpg,,,False,low,classification error (JSONDecodeError): Unterminated string starting at: line 4 column 14 (char 70),False,False,False,0
1000212259,/home/ubuntu/upload/1000212259.jpg,,,False,low,classification error (JSONDecodeError): Expecting property name enclosed in double quotes: line 4 column 90 (char 149),False,False,False,0
1000212260,/home/ubuntu/upload/1000212260.jpg,pottery,pottery,True,high,A pair of hands shaping a clay pot on a spinning pottery wheel in an art studio.,True,False,True,330
1000212261,/home/ubuntu/upload/1000212261.jpg,city,city,True,high,"A cartoon illustration of a busy city street with tall buildings, cars, and people.",True,False,True,330
1000212263,/home/ubuntu/upload/1000212263.jpg,bin,bin,True,high,A cheerful green recycling bin with a yellow lid and a recycling symbol stands in a sunny park.,True,False,True,330
1000212264,/home/ubuntu/upload/1000212264.jpg,apologize,apologize,True,high,A sad cartoon dog holding a wooden sign that says 'SORRY!' to express an apology.,True,False,True,330
1000212265,/home/ubuntu/upload/1000212265.jpg,hero,hero,True,high,A superhero in a blue and red costume with a cape stands on a rocky cliff overlooking a scenic valley at sunset.,False,False,True,335
1000212266,/home/ubuntu/upload/1000212266.jpg,breakfast,breakfast,True,high,"A cheerful morning scene showing a breakfast table with a bowl of cereal, a glass of orange juice, milk, and toast, set against a window with a smiling sun.",True,False,True,330
1000212267,/home/ubuntu/upload/1000212267.jpg,board,board,True,high,A colorful classroom whiteboard filled with various drawings and a daily schedule.,True,False,True,330
1000212268,/home/ubuntu/upload/1000212268.jpg,,,False,low,classification error (JSONDecodeError): Unterminated string starting at: line 4 column 14 (char 68),False,False,False,0
1000212269,/home/ubuntu/upload/1000212269.jpg,bear,bear,True,high,A friendly cartoon bear wearing a scarf waves in a lush green forest.,False,False,True,335
1000212270,/home/ubuntu/upload/1000212270.jpg,What a beautiful day!,what a beautiful day,True,high,"A bright and sunny cartoon landscape with green hills, a smiling sun, and a small village, perfectly illustrating a beautiful day.",False,False,True,335
1000212271,/home/ubuntu/upload/1000212271.jpg,home,home,True,high,A colorful cartoon house with a beautiful garden and a white picket fence under a sunny sky.,True,False,True,330
1000212272,/home/ubuntu/upload/1000212272.jpg,challenges,challenges,True,high,"A girl stands at the start of an obstacle course called 'The Adventure Trail', ready to face the physical challenges ahead.",True,False,True,330
1000212273,/home/ubuntu/upload/1000212273.jpg,celebration,celebration,True,high,"A group of happy cartoon animals and a girl wearing party hats, cheering amidst confetti and balloons with banners saying ""Congratulations"".",True,False,True,330
1000212274,/home/ubuntu/upload/1000212274.jpg,brush teeth,brush teeth,True,high,A blue cartoon monster in pajamas is brushing its teeth in a bathroom with a sign that says 'BRUSH YOUR TEETH!'.,True,False,True,330
1000212275,/home/ubuntu/upload/1000212275.jpg,between classes,between classes,True,high,A busy school hallway filled with students talking and walking between their lockers and classrooms.,True,False,True,330
1000212276,/home/ubuntu/upload/1000212276.jpg,drink plenty of water,drink plenty of water,True,high,"A boy sits surrounded by many water bottles, drinking from a glass, with a sign above him that says 'DRINK PLENTY OF WATER!'.",True,False,True,330
1000212277,/home/ubuntu/upload/1000212277.jpg,,,False,low,classification error (JSONDecodeError): Unterminated string starting at: line 1 column 63 (char 62),False,False,False,0
1000212278,/home/ubuntu/upload/1000212278.jpg,busy market,busy market,True,high,"A vibrant and crowded outdoor market scene with numerous stalls selling various goods like fresh produce, spices, and textiles, bustling with people.",True,False,True,330
1000212279,/home/ubuntu/upload/1000212279.jpg,bottles,bottles,True,high,A collection of colorful glass bottles with labels on a wooden table.,True,False,True,330
1000212280,/home/ubuntu/upload/1000212280.jpg,breakfast,breakfast,True,high,A young girl eating a bowl of cereal and drinking orange juice for breakfast in a sunny kitchen.,True,False,True,330
1000212281,/home/ubuntu/upload/1000212281.jpg,Cairo Tower,cairo tower,True,high,"A cartoon illustration of the Cairo Tower standing tall in the middle of Cairo, next to the Nile River.",False,False,True,335
1000212282,/home/ubuntu/upload/1000212282.jpg,brown bread,brown bread,True,high,A loaf of sliced brown bread on a wooden cutting board with butter in the background.,False,False,True,335
1000212283,/home/ubuntu/upload/1000212283.jpg,bullying,bullying,True,high,"A split cartoon illustration depicting a child being bullied on the left and a group of children standing up against the bully on the right, with text explaining bullying and its solution.",True,False,True,330
1000212284,/home/ubuntu/upload/1000212284.jpg,butterflies,butterflies,True,high,A vibrant illustration of many colorful butterflies flying over a meadow filled with flowers under a sunny sky.,False,False,True,335
1000212285,/home/ubuntu/upload/1000212285.jpg,butterflies,butterflies,True,high,A vibrant cartoon illustration of many colorful butterflies flying over a sunny meadow filled with flowers.,False,False,True,335
1000212286,/home/ubuntu/upload/1000212286.jpg,break time,break time,True,high,Children are playing on a playground and field outside a school building with a sign that says 'RECESS TIME'.,True,False,True,330
1000212287,/home/ubuntu/upload/1000212287.jpg,celebration,celebration,True,high,"A festive cartoon scene featuring a large multi-tiered cake, fireworks, and characters cheering at a grand celebration.",True,False,True,330
1000212289,/home/ubuntu/upload/1000212289.jpg,winner,winner,True,high,A gold medal featuring a smiling star character and the word 'WINNER!' against a celebratory background with balloons and confetti.,True,False,True,330
1000212290,/home/ubuntu/upload/1000212290.jpg,fishing net,fishing net,True,high,"A boy at the beach using a fishing net to catch sea animals like fish, crabs, and starfish.",False,False,True,335
1000212291,/home/ubuntu/upload/1000212291.jpg,near,near,True,high,Two children standing close to each other in a park with the word NEAR written above them.,True,False,True,330
1000212292,/home/ubuntu/upload/1000212292.jpg,endangered,endangered,True,high,"A sad panda sitting among tree stumps, holding a sign that says 'Endangered Species', with a bulldozer in the background.",True,False,True,330
1000212293,/home/ubuntu/upload/1000212293.jpg,colorful,colorful,True,high,"A cartoon illustration of a smiling boy's face against a vibrant, colorful background featuring rainbows, stars, and flowers.",False,False,True,335
1000212294,/home/ubuntu/upload/1000212294.jpg,puppet,puppet,True,high,A young boy laughing while playing with a colorful furry hand puppet in a playroom.,False,False,True,335
1000212295,/home/ubuntu/upload/1000212295.jpg,quiet,quiet,True,high,"A young girl holds a book and puts her finger to her lips in a gesture for silence in a room with a banner that says 'Quiet Time, Shhh!'.",True,False,True,330
1000212296,/home/ubuntu/upload/1000212296.jpg,reduced,reduced,True,high,"A boy holds a smaller version of a toy train next to a larger one, illustrating the concept of being reduced in size.",True,False,True,330
1000212297,/home/ubuntu/upload/1000212297.jpg,endangered,endangered,True,high,A sad tiger cub sits next to a sign that says 'PROTECTED AREA - ENDANGERED SPECIES' with a background of cut-down trees and factory pollution.,True,False,True,330
1000212298,/home/ubuntu/upload/1000212298.jpg,lunch,lunch,True,high,"Three children are sitting at a picnic table in a park, enjoying a healthy lunch together.",False,False,True,335
1000212299,/home/ubuntu/upload/1000212299.jpg,,,False,low,classification error (JSONDecodeError): Unterminated string starting at: line 4 column 14 (char 66),False,False,False,0
1000212300,/home/ubuntu/upload/1000212300.jpg,,,False,low,classification error (JSONDecodeError): Unterminated string starting at: line 4 column 14 (char 69),False,False,False,0
1000212301,/home/ubuntu/upload/1000212301.jpg,clothes,clothes,True,high,"A collection of children's clothing including a sweatshirt, pants, a cap, socks, and shoes laid out together.",True,True,False,0
1000212302,/home/ubuntu/upload/1000212302.jpg,nail,nail,True,high,A cartoon illustration of a friendly nail character standing in a playroom with a hammer and the word NAIL written in large colorful letters.,True,False,True,330
1000212303,/home/ubuntu/upload/1000212303.jpg,playground,playground,True,high,"A colorful cartoon illustration of a playground with children playing on various equipment like a slide, swings, and a sandbox.",False,False,True,335
1000212304,/home/ubuntu/upload/1000212304.jpg,lion,lion,True,high,A friendly cartoon lion waving in a sunny savanna with giraffes and elephants in the background.,False,False,True,335
1000212305,/home/ubuntu/upload/1000212305.jpg,,,False,low,classification error (JSONDecodeError): Unterminated string starting at: line 1 column 152 (char 151),False,False,False,0
1000212306,/home/ubuntu/upload/1000212306.jpg,,,False,low,classification error (JSONDecodeError): Unterminated string starting at: line 1 column 63 (char 62),False,False,False,0
1000212307,/home/ubuntu/upload/1000212307.jpg,fire,fire,True,high,"A cute cartoon campfire with a smiling face in a forest setting at night, with the word 'FIRE!' written above it.",True,False,True,330
1000212308,/home/ubuntu/upload/1000212308.jpg,playground,playground,True,high,"A bright and colorful outdoor playground with a slide, swings, a sandbox, and a decorative animal fence under a sunny sky.",False,False,True,335
1000212309,/home/ubuntu/upload/1000212309.jpg,invited,invited,True,high,"A group of children in a park, with one girl holding an invitation card that says 'INVITED!'.",True,False,True,330
1000212310,/home/ubuntu/upload/1000212310.jpg,fixed,fixed,True,high,"A boy uses a screwdriver to repair a wagon wheel while a girl holds a teddy bear with patches, accompanied by the word FIXED! in large letters.",True,False,True,330
1000212311,/home/ubuntu/upload/1000212311.jpg,heard,heard,True,high,"A cartoon bear cupping its ear to listen to various sounds in nature and from people, with the word 'HEARD' prominently displayed.",True,False,True,330
1000212312,/home/ubuntu/upload/1000212312.jpg,left,left,True,high,A cartoon elephant points toward a large yellow arrow sign that says 'LEFT' in a park setting.,True,False,True,330
1000212313,/home/ubuntu/upload/1000212313.jpg,fresh,fresh,True,high,"Two children harvesting fresh vegetables and apples in a sunny garden, with the word 'FRESH' displayed prominently.",True,False,True,330
1000212314,/home/ubuntu/upload/1000212314.jpg,marks,marks,True,high,"A vibrant illustration of children in a classroom setting achieving different milestones, accompanied by the text 'MAKING OUR MARKS!'. The scenes show a student receiving an A+ grade, a girl painting a colorful picture, and a child having their height measured.",True,False,True,330
1000212315,/home/ubuntu/upload/1000212315.jpg,needed,needed,True,high,"A cartoon dog and rabbit are building a tower with colorful blocks in a playroom, with the word 'NEEDED' written above them.",True,False,True,330
1000212316,/home/ubuntu/upload/1000212316.jpg,entered,entered,True,high,A cartoon girl walking through the open door of a mushroom house with the word 'ENTERED' written above.,True,False,True,330
1000212317,/home/ubuntu/upload/1000212317.jpg,pottery,pottery,True,high,A collection of colorful handmade pottery vases for kids in various animal shapes.,True,False,True,330
1000212318,/home/ubuntu/upload/1000212318.jpg,helping hands,helping hands,True,high,"A group of children in a playground helping each other, with a banner above them that says HELPING HANDS!.",True,False,True,330
1000212319,/home/ubuntu/upload/1000212319.jpg,laugh,laugh,True,high,Four happy children laughing together in a sunny playground with 'HA HA HA HA!' text bubbles.,True,False,True,330
1000212320,/home/ubuntu/upload/1000212320.jpg,laugh,laugh,True,high,"A group of children laughing together in a park, with speech bubbles containing laughter sounds like 'HAHA' and 'LOL'.",True,False,True,330
1000212321,/home/ubuntu/upload/1000212321.jpg,hard,hard,True,high,A cartoon monster is pushing a large rock with the word 'HARD!' written on it.,True,False,True,330
1000212322,/home/ubuntu/upload/1000212322.jpg,What a beautiful day!,what a beautiful day,True,high,"A bright and cheerful cartoon landscape with a smiling sun, clouds, and tree, featuring a rabbit, squirrel, bird, and fish in a scenic setting with mountains, a river, and flowers.",False,False,True,335
1000212323,/home/ubuntu/upload/1000212323.jpg,,,False,low,classification error (JSONDecodeError): Unterminated string starting at: line 1 column 272 (char 271),False,False,False,0
1000212324,/home/ubuntu/upload/1000212324.jpg,What a beautiful day!,what a beautiful day,True,high,"A cheerful girl and her dog stand on a flowery hill, looking out over a vibrant landscape featuring a river, a village, a distant castle, a rainbow, and a smiling sun.",False,False,True,335
1000212325,/home/ubuntu/upload/1000212325.jpg,play sports,play sports,True,high,"A group of children playing various sports like soccer, baseball, and frisbee in a park.",False,False,True,335
1000212326,/home/ubuntu/upload/1000212326.jpg,paid for,paid for,True,high,"A young girl hands a coin to a shopkeeper at a toy store counter, where the cash register displays a sign saying 'PAID!'.",True,False,True,330
1000212327,/home/ubuntu/upload/1000212327.jpg,feel,feel,True,high,"A colorful cartoon illustration showing children and creatures experiencing different textures like smooth, bumpy, soft, and sticky, with the text 'I CAN FEEL!'.",True,False,True,330
1000212328,/home/ubuntu/upload/1000212328.jpg,firefighter,firefighter,True,high,"A cheerful firefighter in uniform holds a water hose next to a red fire truck and a dalmatian dog, while children wave in the background.",True,False,True,330
1000212329,/home/ubuntu/upload/1000212329.jpg,north,north,True,high,"A cartoon illustration of a snowy landscape with a compass pointing towards the word 'NORTH', featuring a boy, a polar bear, and a reindeer.",True,False,True,330
1000212330,/home/ubuntu/upload/1000212330.jpg,,,False,low,"classification error (JSONDecodeError): Expecting ',' delimiter: line 1 column 164 (char 163)",False,False,False,0
1000212331,/home/ubuntu/upload/1000212331.jpg,,,False,low,classification error (JSONDecodeError): Unterminated string starting at: line 1 column 151 (char 150),False,False,False,0
1000212332,/home/ubuntu/upload/1000212332.jpg,,,False,low,classification error (JSONDecodeError): Unterminated string starting at: line 1 column 147 (char 146),False,False,False,0
1000212333,/home/ubuntu/upload/1000212333.jpg,near,near,True,high,"A cartoon boy and his dog sit together on a colorful picnic blanket in a grassy field, with the word 'NEAR' written above them.",True,False,True,330
1000212334,/home/ubuntu/upload/1000212334.jpg,jingling,jingling,True,high,"Three happy children are playing with bells and shakers in a classroom, with a banner above them that reads 'JINGLE JINGLE!'.",True,False,True,330
1000212335,/home/ubuntu/upload/1000212335.jpg,real,real,True,high,A cartoon illustration contrasting a real living puppy playing in a park with a stuffed toy puppy in a child's bedroom.,True,False,True,330
1000212336,/home/ubuntu/upload/1000212336.jpg,collage,collage,True,high,"A colorful collage titled 'OUR HAPPY FAMILY' featuring various scenes of family activities like picnics, beach trips, and reading together.",True,False,True,330
1000212337,/home/ubuntu/upload/1000212337.jpg,move,move,True,high,"A group of children are active in a park, running, jumping, and riding a scooter, with the word 'MOVE' written above them.",True,False,True,330
1000212338,/home/ubuntu/upload/1000212338.jpg,,,False,low,classification error (JSONDecodeError): Unterminated string starting at: line 4 column 14 (char 69),False,False,False,0
1000212339,/home/ubuntu/upload/1000212339.jpg,gave,gave,True,high,"A boy gives a wrapped gift to a girl in a playground setting, illustrating the past tense verb 'gave'.",True,False,True,330
1000212340,/home/ubuntu/upload/1000212340.jpg,,,False,low,classification error (JSONDecodeError): Unterminated string starting at: line 1 column 61 (char 60),False,False,False,0
1000212341,/home/ubuntu/upload/1000212341.jpg,follow,follow,True,high,"A girl, a boy, a dog, and a duck are walking in a line on a path in a park, following each other, with the word FOLLOW prominently displayed.",True,False,True,330
1000212342,/home/ubuntu/upload/1000212342.jpg,,,False,low,classification error (JSONDecodeError): Unterminated string starting at: line 4 column 14 (char 86),False,False,False,0
1000212343,/home/ubuntu/upload/1000212343.jpg,impressed by,impressed by,True,high,A group of children are watching a magic show and are clearly impressed by the performance.,True,False,True,330
1000212344,/home/ubuntu/upload/1000212344.jpg,,,False,low,classification error (JSONDecodeError): Unterminated string starting at: line 4 column 14 (char 73),False,False,False,0
1000212345,/home/ubuntu/upload/1000212345.jpg,need,need,True,high,"A colorful infographic titled 'WHAT WE NEED' showing various human needs like healthy food, water, love, family, a safe home, clothing, exercise, play, sleep, and rest.",True,False,True,330
1000212346,/home/ubuntu/upload/1000212346.jpg,enjoyed,enjoyed,True,high,"Three happy children playing in a sunny park with a kite and a rainbow, with the word 'ENJOYED!' written above them.",True,False,True,330
1000212347,/home/ubuntu/upload/1000212347.jpg,keep a rabbit,keep a rabbit,True,high,A young girl feeds a carrot to her pet rabbit in its hutch in a sunny garden.,True,False,True,330
1000212348,/home/ubuntu/upload/1000212348.jpg,mountain,mountain,True,high,"A cheerful cartoon illustration of two children hiking on a trail towards a large, smiling mountain with the word 'Mountain' written on it.",True,False,True,330
1000212349,/home/ubuntu/upload/1000212349.jpg,fit,fit,True,high,"A group of children engaging in various physical activities like running, cycling, and jumping rope in a park under a banner that reads 'STAY FIT & ACTIVE!'.",True,False,True,330
1000212350,/home/ubuntu/upload/1000212350.jpg,,,False,low,classification error (JSONDecodeError): Unterminated string starting at: line 4 column 14 (char 68),False,False,False,0
1000212351,/home/ubuntu/upload/1000212351.jpg,school,school,True,high,"A young boy sitting on his bedroom floor, packing a notebook into his backpack to prepare for school.",True,False,True,330
1000212352,/home/ubuntu/upload/1000212352.jpg,in danger,in danger,True,high,"A cartoon fox and bear are crossing a broken rope bridge over a river, with the words ""IN DANGER!"" written above them.",True,False,True,330
1000212353,/home/ubuntu/upload/1000212353.jpg,,,False,low,classification error (JSONDecodeError): Unterminated string starting at: line 4 column 14 (char 77),False,False,False,0
1000212354,/home/ubuntu/upload/1000212354.jpg,move around,move around,True,high,"A group of children are active and playing in a park, with the text 'MOVE AROUND!' prominently displayed.",True,False,True,330
1000212355,/home/ubuntu/upload/1000212355.jpg,natural,natural,True,high,"A colorful cartoon illustration of a natural scene with animals, a river, and the sun, featuring the word 'NATURAL' in the center.",True,False,True,330
1000212356,/home/ubuntu/upload/1000212356.jpg,,,False,low,classification error (JSONDecodeError): Unterminated string starting at: line 1 column 62 (char 61),False,False,False,0
1000212357,/home/ubuntu/upload/1000212357.jpg,hear,hear,True,high,"A cartoon illustration of a young girl sitting in a flower-filled meadow, cupping her ear to listen to a blue bird singing musical notes. The word 'HEAR' is written in large, colorful letters.",True,False,True,330
1000212358,/home/ubuntu/upload/1000212358.jpg,treasures,treasures,True,high,"A girl in her bedroom sits with her teddy bear, placing a marble into a jar labeled 'TREASURES' next to a box labeled 'KEPT SAFE'.",True,False,True,330
1000212359,/home/ubuntu/upload/1000212359.jpg,reduce,reduce,True,high,"An educational cartoon poster titled 'How to Reduce Waste' showing children recycling, reusing items, and using reusable bags.",True,False,True,330
1000212360,/home/ubuntu/upload/1000212360.jpg,for breakfast,for breakfast,True,high,"Two children are sitting at a dining table enjoying a variety of morning foods like cereal, pancakes, toast, and fruit under the large text 'FOR BREAKFAST'.",True,False,True,330
1000212361,/home/ubuntu/upload/1000212361.jpg,,,False,low,classification error (JSONDecodeError): Unterminated string starting at: line 4 column 14 (char 68),False,False,False,0
1000212362,/home/ubuntu/upload/1000212362.jpg,one by one,one by one,True,high,"A group of animals including an elephant, giraffe, and lion are standing in a line at a zoo entrance with signs that say 'ONE BY ONE'.",True,False,True,330
1000212363,/home/ubuntu/upload/1000212363.jpg,health,health,True,high,"A vibrant cartoon illustration depicting various healthy habits such as physical activity, eating nutritious food, getting rest, and maintaining hygiene, centered around the word HEALTH.",True,False,True,330
1000212364,/home/ubuntu/upload/1000212364.jpg,make a difference,make a difference,True,high,"A group of children working together in a community garden to plant flowers and clean up, with a banner above them that reads 'MAKE A DIFFERENCE!'.",True,False,True,330
1000212365,/home/ubuntu/upload/1000212365.jpg,monastery,monastery,True,high,"A cheerful cartoon illustration of a monastery where monks are engaged in various activities like gardening, painting, and studying.",True,False,True,330
1000212366,/home/ubuntu/upload/1000212366.jpg,harvest,harvest,True,high,"Children are gathering various fruits and vegetables on a farm, with signs saying 'HARVEST!' and 'HARVEST FARM'.",True,False,True,330
1000212367,/home/ubuntu/upload/1000212367.jpg,neighborhood,neighborhood,True,high,"A vibrant cartoon illustration of a friendly neighborhood featuring houses, a school, a grocery store, a playground, and children playing outdoors.",True,False,True,330
1000212368,/home/ubuntu/upload/1000212368.jpg,hospital,hospital,True,high,"A colorful cartoon illustration of a children's hospital with doctors, nurses, and children playing outside.",True,False,True,330
1000212369,/home/ubuntu/upload/1000212369.jpg,endangered,endangered,True,high,"A colorful cartoon illustration featuring a panda, tiger, turtle, and other animals in a lush landscape with a sign that says 'PROTECT OUR ENDANGERED FRIENDS!'.",True,False,True,330
1000212370,/home/ubuntu/upload/1000212370.jpg,gifts,gifts,True,high,Two children happily opening various colorful gifts and toys in front of a decorated Christmas tree.,True,False,True,330
1000212371,/home/ubuntu/upload/1000212371.jpg,at night,at night,True,high,"A young girl in striped pajamas sits on a grassy hill, looking up at a starry night sky with a crescent moon and a shooting star.",False,False,True,335
1000212372,/home/ubuntu/upload/1000212372.jpg,footprints,footprints,True,high,"A colorful cartoon illustration of a winding path covered in many pairs of smiling, patterned footprints, surrounded by flowers, butterflies, and a sun.",False,False,True,335
1000212373,/home/ubuntu/upload/1000212373.jpg,neck,neck,True,high,"A cartoon illustration of a giraffe in a savanna, with an arrow pointing to its long neck and the word 'NECK' written next to it.",True,False,True,330
1000212374,/home/ubuntu/upload/1000212374.jpg,leaves,leaves,True,high,A collection of colorful cartoon leaves with happy faces and ladybugs.,False,False,True,335
1000212375,/home/ubuntu/upload/1000212375.jpg,offered,offered,True,high,A cartoon bear in a blue polka-dot vest offers a colorful gift box to a happy squirrel in a sunny meadow with other animals and a treehouse.,True,False,True,330
1000212376,/home/ubuntu/upload/1000212376.jpg,palm trees,palm trees,True,high,"A cheerful cartoon beach scene featuring three personified palm trees, a bright sun, and a hammock.",False,False,True,335
1000212377,/home/ubuntu/upload/1000212377.jpg,reason,reason,True,high,A cartoon character explains the concept of a reason by using 'why' and 'because' with various examples in a thought bubble.,True,False,True,330
1000212378,/home/ubuntu/upload/1000212378.jpg,fix,fix,True,high,A young boy uses a wrench to fix a toy truck at a table covered with tools.,False,False,True,335
1000212379,/home/ubuntu/upload/1000212379.jpg,notice,notice,True,high,"A cartoon notice board held by a bear and a rabbit, listing classroom or playground rules.",True,False,True,330
1000212380,/home/ubuntu/upload/1000212380.jpg,give,give,True,high,"A boy gives a wrapped gift to a girl in a sunny park setting, with the word 'GIVE' displayed above them.",True,False,True,330
1000212381,/home/ubuntu/upload/1000212381.jpg,knew,knew,True,high,"A student in a classroom raises her hand because she knew the answer to a math problem, as shown in her thought bubble.",True,False,True,330
1000212382,/home/ubuntu/upload/1000212382.jpg,fire station,fire station,True,high,"A colorful cartoon illustration of a fire station with fire trucks, firefighters, and a Dalmatian dog.",True,False,True,330
1000212383,/home/ubuntu/upload/1000212383.jpg,winner,winner,True,high,"A young girl joyfully crosses the finish line of a race, with banners declaring her the winner.",True,False,True,330
1000212384,/home/ubuntu/upload/1000212384.jpg,police officer,police officer,True,high,A cartoon police officer in a blue uniform stands in front of a police station and a playground.,True,False,True,330
1000212385,/home/ubuntu/upload/1000212385.jpg,,,False,low,classification error (JSONDecodeError): Unterminated string starting at: line 4 column 14 (char 72),False,False,False,0
1000212386,/home/ubuntu/upload/1000212386.jpg,know,know,True,high,"Four children are shown learning and studying in a classroom or library setting. The word 'KNOW' is written in large colorful letters in the center, and one girl says 'I KNOW!'.",True,False,True,330
1000212387,/home/ubuntu/upload/1000212387.jpg,,,False,low,classification error (JSONDecodeError): Unterminated string starting at: line 4 column 14 (char 73),False,False,False,0
1000212388,/home/ubuntu/upload/1000212388.jpg,plant,plant,True,high,"A cute cartoon plant with a smiling face sits in a colorful pot on a wooden shelf, surrounded by books and paintbrushes.",True,False,True,330
1000212389,/home/ubuntu/upload/1000212389.jpg,post office,post office,True,high,A cheerful cartoon illustration of a neighborhood post office with children sending letters and a postman greeting them.,True,False,True,330
1000212390,/home/ubuntu/upload/1000212390.jpg,,,False,low,classification error (JSONDecodeError): Unterminated string starting at: line 4 column 14 (char 70),False,False,False,0
1000212391,/home/ubuntu/upload/1000212391.jpg,help,help,True,high,"A colorful cartoon illustration showing various people and children assisting one another in a park setting, with the word 'HELP!' displayed prominently at the top.",True,False,True,330
1000212392,/home/ubuntu/upload/1000212392.jpg,hear,hear,True,high,"A cartoon illustration of children in a park discovering sounds, featuring a girl cupping her ear to listen and the text 'I HEAR WITH MY EARS!'",True,False,True,330
1000212393,/home/ubuntu/upload/1000212393.jpg,get dressed,get dressed,True,high,"A young girl is getting dressed in her bedroom, putting on a colorful striped shirt.",False,False,True,335
1000212394,/home/ubuntu/upload/1000212394.jpg,ladder,ladder,True,high,A girl climbs a colorful ladder leaning against a tree in a sunny park with a treehouse and a swing.,True,False,True,330
1000212395,/home/ubuntu/upload/1000212395.jpg,,,False,low,classification error (JSONDecodeError): Unterminated string starting at: line 1 column 63 (char 62),False,False,False,0
1000212396,/home/ubuntu/upload/1000212396.jpg,noticed,noticed,True,high,A young girl in a garden points at a colorful caterpillar she has just noticed on a leaf.,True,False,True,330
1000212397,/home/ubuntu/upload/1000212397.jpg,for free,for free,True,high,A woman at a park stall giving away toys and books to children for free.,True,False,True,330
1000212398,/home/ubuntu/upload/1000212398.jpg,expensive,expensive,True,high,A girl in a toy store points to a treasure chest filled with gems and gold while holding a tag that says 'EXPENSIVE!'.,True,False,True,330
1000212399,/home/ubuntu/upload/1000212399.jpg,especially,especially,True,high,"A group of children in an art room admire a colorful painting of a cat and a rainbow, while the word 'ESPECIALLY' is featured prominently.",True,False,True,330
1000212400,/home/ubuntu/upload/1000212400.jpg,leave,leave,True,high,A young girl with a backpack waves goodbye to her family as she leaves her home to go on an adventure.,True,False,True,330
1000212401,/home/ubuntu/upload/1000212401.jpg,origami,origami,True,high,"A colorful cartoon illustration of various animals such as a lion, elephant, and giraffe styled as folded paper figures with the text 'ORIGAMI PAPER ANIMALS'.",True,False,True,330
1000212402,/home/ubuntu/upload/1000212402.jpg,forest park,forest park,True,high,"A vibrant cartoon illustration of a forest park featuring a playground, a picnic area, a pond, a carousel, and various forest animals with children playing.",True,False,True,330
1000212403,/home/ubuntu/upload/1000212403.jpg,It's fun to,it s fun to,True,high,"A colorful cartoon illustration showing children enjoying various activities like cycling, flying a kite, jumping in leaves, painting, and playing in a sandbox, with the text 'IT'S FUN TO' at the top.",True,False,True,330
1000212404,/home/ubuntu/upload/1000212404.jpg,first time,first time,True,high,"A collage of four cartoon scenes depicting a child's first time experiences, including a bike ride, losing a tooth, the first day of school, and a swimming lesson.",True,False,True,330
1000212405,/home/ubuntu/upload/1000212405.jpg,engineer,engineer,True,high,"A young girl wearing a hard hat and a vest labeled 'ENGINEER' works in a workshop filled with tools, gears, and machines.",True,False,True,330
1000212406,/home/ubuntu/upload/1000212406.jpg,exciting,exciting,True,high,"A vibrant and colorful playground scene with children playing, featuring a treehouse labeled 'EXCITING ADVENTURE!'",True,False,True,330
1000212407,/home/ubuntu/upload/1000212407.jpg,enter,enter,True,high,"Two happy children with backpacks are running towards a colorful archway that says 'WELCOME! ENTER' in a bright, sunny park setting.",True,False,True,330
1000212408,/home/ubuntu/upload/1000212408.jpg,healthy,healthy,True,high,Children are exercising and eating fresh food in a park to stay healthy.,True,False,True,330
1000212409,/home/ubuntu/upload/1000212409.jpg,make friends,make friends,True,high,"Children playing together in a playground, with two children shaking hands and the text 'MAKE FRIENDS!' above them.",True,False,True,330
1000212410,/home/ubuntu/upload/1000212410.jpg,Nubia,nubia,True,high,"A colorful cartoon illustration of a Nubian village by the Nile River, with brightly decorated houses and people in traditional dress, titled 'NUBIA'.",True,False,True,330
1000212411,/home/ubuntu/upload/1000212411.jpg,wild animals,wild animals,True,high,"A group of cartoon wild animals including a bear, fox, rabbit, and deer walking together in a sunny forest.",False,False,True,335
1000212412,/home/ubuntu/upload/1000212412.jpg,mistakes,mistakes,True,high,"A four-panel cartoon illustration showing children making small errors like spilling juice and putting shoes on the wrong feet, with the text 'MISTAKES ARE OKAY!'.",True,False,True,330
1000212413,/home/ubuntu/upload/1000212413.jpg,fur,fur,True,high,"A colorful cartoon illustration of several furry animals and a monster in a meadow, with the word 'FUR' written in large, textured letters above them.",True,False,True,330
1000212414,/home/ubuntu/upload/1000212414.jpg,grow,grow,True,high,"A cartoon illustration showing children planting and watering plants, with the word 'GROW!' prominently displayed.",True,False,True,330
1000212415,/home/ubuntu/upload/1000212415.jpg,neighbors,neighbors,True,high,A friendly scene showing people waving to each other from their adjacent houses in a neighborhood.,True,False,True,330
1000212416,/home/ubuntu/upload/1000212416.jpg,Nile River,nile river,True,high,"A colorful cartoon illustration of the Nile River in Egypt, featuring a sailboat, children, wild animals like an elephant and giraffe, and the pyramids in the background.",True,False,True,330
1000212417,/home/ubuntu/upload/1000212417.jpg,olive oil,olive oil,True,high,A cartoon illustration of a friendly olive oil bottle surrounded by dancing olives in a sunny olive grove.,True,False,True,330
1000212418,/home/ubuntu/upload/1000212418.jpg,in bright colors,in bright colors,True,high,"A vibrant cartoon scene featuring children playing outdoors, with the phrase 'in bright colors' prominently displayed in the center.",True,False,True,330
1000212419,/home/ubuntu/upload/1000212419.jpg,letter,letter,True,high,"A cheerful cartoon illustration of an anthropomorphic letter character carrying mail in a neighborhood, with the word 'LETTER' displayed at the top.",True,False,True,330
1000212420,/home/ubuntu/upload/1000212420.jpg,library,library,True,high,"A vibrant cartoon illustration of a children's library filled with books, reading areas, and children enjoying stories.",True,False,True,330
1000212421,/home/ubuntu/upload/1000212421.jpg,neighborhood,neighborhood,True,high,"A colorful cartoon illustration of a friendly neighborhood with houses, a playground, a library, a cafe, and people engaging in various activities.",True,False,True,330
1000212422,/home/ubuntu/upload/1000212422.jpg,,,False,low,classification error (JSONDecodeError): Unterminated string starting at: line 4 column 14 (char 69),False,False,False,0
1000212423,/home/ubuntu/upload/1000212423.jpg,neighbors,neighbors,True,high,"A cheerful cartoon illustration showing families and children interacting outside their colorful houses, with the word 'NEIGHBORS' displayed at the top.",True,False,True,330
1000212424,/home/ubuntu/upload/1000212424.jpg,including,including,True,high,"A colorful cartoon illustration of children playing together in a park, with a large banner that reads 'INCLUDING' and 'EVERYONE IS WELCOME!'.",True,False,True,330
1000212425,/home/ubuntu/upload/1000212425.jpg,habitats,habitats,True,high,"A colorful cartoon illustration showing children exploring four different environments: a forest, a desert, an ocean, and a polar region, with the title 'EXPLORING HABITATS!'.",True,False,True,330
1000212426,/home/ubuntu/upload/1000212426.jpg,Khan Al-Khalili Bazaar,khan al khalili bazaar,True,high,"A vibrant cartoon illustration of the Khan Al-Khalili Bazaar, showing a busy market street with stalls selling spices and lanterns, and people in traditional attire.",True,False,True,330
1000212427,/home/ubuntu/upload/1000212427.jpg,facts,facts,True,high,"A colorful cartoon illustration titled 'COOL FACTS FOR CURIOUS KIDS!' featuring children, animals, and various scientific facts about the sun, earth, rain, dinosaurs, reading, and bees.",True,False,True,330
1000212428,/home/ubuntu/upload/1000212428.jpg,Pyramids,pyramids,True,high,A colorful cartoon illustration of a boat sailing on the Nile River with the Pyramids of Giza and the Sphinx in the background.,False,False,True,335
1000212429,/home/ubuntu/upload/1000212429.jpg,,,False,low,classification error (ValueError): No JSON object in model response,False,False,False,0
1000212430,/home/ubuntu/upload/1000212430.jpg,price,price,True,high,A cartoon image of a teddy bear in a toy shop with a large price tag showing $12.99.,True,False,True,330
1000212431,/home/ubuntu/upload/1000212431.jpg,pants,pants,True,high,A pair of colorful children's pants with animal patterns hanging on a wooden hanger in a nursery or playroom.,True,False,True,330
1000212432,/home/ubuntu/upload/1000212432.jpg,hungry,hungry,True,high,"A cartoon boy with a rumbling stomach thinks about pizza, a burger, and ice cream.",True,False,True,330
1000212433,/home/ubuntu/upload/1000212433.jpg,endangered,endangered,True,high,A cartoon panda holding a sign that says 'NO HUNTING PROTECT ME' in a bamboo forest to represent the word endangered.,True,False,True,330
1000212434,/home/ubuntu/upload/1000212434.jpg,hero,hero,True,high,A young boy dressed in a superhero costume with a large 'H' on his chest flies over a town while people cheer.,True,False,True,330
1000212435,/home/ubuntu/upload/1000212435.jpg,,,False,low,classification error (JSONDecodeError): Unterminated string starting at: line 4 column 14 (char 70),False,False,False,0
1000212436,/home/ubuntu/upload/1000212436.jpg,,,False,low,classification error (JSONDecodeError): Unterminated string starting at: line 4 column 14 (char 70),False,False,False,0
1000212437,/home/ubuntu/upload/1000212437.jpg,paint,paint,True,high,"A young boy happily painting on a canvas at an easel, with the word PAINT written in colorful letters.",True,False,True,330
1000212438,/home/ubuntu/upload/1000212438.jpg,fewer,fewer,True,high,"A cartoon illustration of a girl with two apples and a boy with a basket of seven apples, comparing quantities to demonstrate the word 'fewer'.",True,False,True,330
1000212439,/home/ubuntu/upload/1000212439.jpg,north,north,True,high,"A snowy landscape with animals and people, featuring a large arrow pointing towards the word 'NORTH'.",True,False,True,330
1000212440,/home/ubuntu/upload/1000212440.jpg,high,high,True,high,"A cartoon illustration of a bear, fox, and rabbit in a colorful hot air balloon flying high in the sky, with the word 'HIGH' written in large, colorful letters above it.",True,False,True,330
1000212441,/home/ubuntu/upload/1000212441.jpg,gentle,gentle,True,high,"A kind girl gently holds a small deer in a peaceful meadow with a rabbit and a squirrel, under the word GENTLE.",True,False,True,330
1000212442,/home/ubuntu/upload/1000212442.jpg,monkey,monkey,True,high,"A cute cartoon monkey sitting on a tree branch in a lush jungle, holding a banana and waving.",False,False,True,335
1000212443,/home/ubuntu/upload/1000212443.jpg,What a beautiful day!,what a beautiful day,True,high,"A cheerful cartoon scene featuring a smiling sun, personified alarm clock, backpack, car, and water bottle in a sunny park with a playground.",False,False,True,335
1000212444,/home/ubuntu/upload/1000212444.jpg,followed,followed,True,high,"A group of happy cartoon animals, including a bear, rabbit, squirrel, fox, and duck, are walking in a line along a path, following the bear. The word 'FOLLOWED' is written in colorful letters above them.",True,False,True,330
1000212445,/home/ubuntu/upload/1000212445.jpg,,,False,low,classification error (JSONDecodeError): Unterminated string starting at: line 1 column 61 (char 60),False,False,False,0
1000212446,/home/ubuntu/upload/1000212446.jpg,,,False,low,classification error (JSONDecodeError): Unterminated string starting at: line 4 column 14 (char 71),False,False,False,0
1000212447,/home/ubuntu/upload/1000212447.jpg,,,False,low,classification error (JSONDecodeError): Unterminated string starting at: line 1 column 65 (char 64),False,False,False,0
1000212448,/home/ubuntu/upload/1000212448.jpg,light,light,True,high,"A cheerful cartoon scene showing a bright sun character emitting light, with various animals like a fox, rabbit, and owl in a forest setting, and the word 'LIGHT' written at the top.",True,False,True,330
1000212449,/home/ubuntu/upload/1000212449.jpg,costume,costume,True,high,A boy dressed in a wizard costume performs a show for his friends who are also wearing simple costumes like a mask and an eye patch.,True,False,True,330
1000212450,/home/ubuntu/upload/1000212450.jpg,monastery,monastery,True,high,A cartoon illustration of a building labeled 'The Joyful Monastery' with children and monks in a scenic landscape.,True,False,True,330
1000212451,/home/ubuntu/upload/1000212451.jpg,home,home,True,high,A happy family standing in front of their cozy house with a sign that says 'Home Sweet Home'.,True,False,True,330
1000212452,/home/ubuntu/upload/1000212452.jpg,,,False,low,classification error (JSONDecodeError): Unterminated string starting at: line 4 column 14 (char 72),False,False,False,0
1000212453,/home/ubuntu/upload/1000212453.jpg,winner,winner,True,high,A happy girl holding a large gold medal that says 'WINNER! GREAT JOB!' in a playground setting.,True,False,True,330
1000212454,/home/ubuntu/upload/1000212454.jpg,neighborhood,neighborhood,True,high,"A vibrant cartoon illustration of a friendly neighborhood street featuring local shops, a community garden, and residents engaged in various activities.",True,False,True,330
1000212455,/home/ubuntu/upload/1000212455.jpg,local food,local food,True,high,"A cheerful cartoon scene showing a local food market with fresh produce, farm animals, and children enjoying healthy snacks.",True,False,True,330
1000212456,/home/ubuntu/upload/1000212456.jpg,felt,felt,True,high,"A colorful cartoon scene made of felt fabric featuring a bear, a bird, and the word 'FELT'.",True,False,True,330
1000212457,/home/ubuntu/upload/1000212457.jpg,faded,faded,True,high,"A young girl sits in a vibrant playroom filled with toys, holding a teddy bear, while a banner behind her displays the word 'FADED'.",True,False,True,330
1000212458,/home/ubuntu/upload/1000212458.jpg,greedy,greedy,True,high,"A cartoon green dragon sitting in a room full of gold coins, gems, toys, and sweets, clutching a pile of treats to its chest.",False,False,True,335
1000212459,/home/ubuntu/upload/1000212459.jpg,loud,loud,True,high,A colorful cartoon monster playing drums and shouting through a megaphone with the word 'LOUD!' in large letters.,True,False,True,330
1000212460,/home/ubuntu/upload/1000212460.jpg,for special events,for special events,True,high,"A group of children celebrating at an outdoor party with balloons, a cake, and a banner that reads ""FOR SPECIAL EVENTS"".",True,False,True,330
1000212461,/home/ubuntu/upload/1000212461.jpg,,,False,low,classification error (JSONDecodeError): Unterminated string starting at: line 4 column 14 (char 72),False,False,False,0
1000212462,/home/ubuntu/upload/1000212462.jpg,lives,lives,True,high,A colorful cartoon illustration of two children and animals in a whimsical landscape with a large sign reading 'LIVES'.,True,False,True,330
1000212463,/home/ubuntu/upload/1000212463.jpg,fluffy tail,fluffy tail,True,high,"A cartoon fox walking through a forest, showcasing its large, bushy tail, with the words 'FLUFFY TAIL' written at the bottom.",True,False,True,330
1000212464,/home/ubuntu/upload/1000212464.jpg,dirty,dirty,True,high,A boy covered in mud while playing in a playground.,False,False,True,335
1000212465,/home/ubuntu/upload/1000212465.jpg,,,False,low,classification error (JSONDecodeError): Unterminated string starting at: line 4 column 14 (char 68),False,False,False,0
1000212466,/home/ubuntu/upload/1000212466.jpg,,,False,low,classification error (JSONDecodeError): Unterminated string starting at: line 1 column 62 (char 61),False,False,False,0
1000212467,/home/ubuntu/upload/1000212467.jpg,museum,museum,True,high,A colorful cartoon illustration of a children's museum with families and kids visiting.,True,False,True,330
1000212468,/home/ubuntu/upload/1000212468.jpg,,,False,low,classification error (JSONDecodeError): Unterminated string starting at: line 1 column 71 (char 70),False,False,False,0
1000212469,/home/ubuntu/upload/1000212469.jpg,,,False,low,classification error (JSONDecodeError): Unterminated string starting at: line 4 column 14 (char 69),False,False,False,0
1000212470,/home/ubuntu/upload/1000212470.jpg,let,let,True,high,"A cartoon rabbit named Rosie opens a garden gate to let a dog named Barnaby run and play, illustrating the meaning of the word 'let'.",True,False,True,330
1000212471,/home/ubuntu/upload/1000212471.jpg,loud noise,loud noise,True,high,"A group of children and a dog are making a loud noise in a playroom with various musical instruments, with the words 'LOUD NOISE!' displayed prominently above them.",True,False,True,330
1000212472,/home/ubuntu/upload/1000212472.jpg,final,final,True,high,A group of children and animals celebrate at a finish line with a trophy and a banner that says 'The Final!'.,True,False,True,330
1000212473,/home/ubuntu/upload/1000212473.jpg,art,art,True,high,A young girl proudly presents her drawing to her classmates in a classroom decorated with banners for 'Art Day'.,True,False,True,330
1000212474,/home/ubuntu/upload/1000212474.jpg,history,history,True,high,"A colorful cartoon illustration showing various historical periods and figures, with the word 'HISTORY' written at the top.",True,False,True,330
1000212475,/home/ubuntu/upload/1000212475.jpg,Nubia,nubia,True,high,"A colorful cartoon illustration of a scene in Nubia, featuring the Nile River, pyramids, and people in traditional dress, with the word 'NUBIA' prominently displayed at the top.",True,False,True,330
1000212476,/home/ubuntu/upload/1000212476.jpg,known for,known for,True,high,"A teacher and her students explore what they are known for, featuring examples like art, music, speed, and storytelling.",True,False,True,330
1000212477,/home/ubuntu/upload/1000212477.jpg,,,False,low,classification error (JSONDecodeError): Unterminated string starting at: line 4 column 14 (char 69),False,False,False,0
1000212478,/home/ubuntu/upload/1000212478.jpg,doctor,doctor,True,high,A friendly doctor wearing scrubs and a stethoscope greets a young boy in a medical clinic.,True,False,True,330
1000212479,/home/ubuntu/upload/1000212479.jpg,invited,invited,True,high,A birthday invitation card with the text 'YOU'RE INVITED!' held by a hand in front of a group of happy children and party decorations.,True,False,True,330
1000212480,/home/ubuntu/upload/1000212480.jpg,excellent,excellent,True,high,A student holds up a certificate that says 'Excellent Work' in front of her teacher and classmates in a classroom setting.,True,False,True,330
1000212481,/home/ubuntu/upload/1000212481.jpg,letters,letters,True,high,A colorful educational poster displaying the alphabet from A to Z with various animals and objects.,True,False,True,330
1000212482,/home/ubuntu/upload/1000212482.jpg,neck,neck,True,high,"A cartoon boy in a park pointing to his neck, with the word 'NECK' written above him.",True,False,True,330
1000212483,/home/ubuntu/upload/1000212483.jpg,,,False,low,classification error (JSONDecodeError): Unterminated string starting at: line 4 column 14 (char 77),False,False,False,0
1000212484,/home/ubuntu/upload/1000212484.jpg,everywhere,everywhere,True,high,"A colorful cartoon illustration showing various landscapes and activities like a city, farm, mountains, and beach, with a plane pulling a banner that says 'EVERYWHERE'.",True,False,True,330
1000212485,/home/ubuntu/upload/1000212485.jpg,,,False,low,classification error (JSONDecodeError): Unterminated string starting at: line 1 column 66 (char 65),False,False,False,0
1000212486,/home/ubuntu/upload/1000212486.jpg,learn about,learn about,True,high,"A group of children are engaged in various educational activities such as looking at a globe, using a telescope, and reading books, under the large text 'LEARN ABOUT'.",True,False,True,330
1000212487,/home/ubuntu/upload/1000212487.jpg,playground,playground,True,high,"A colorful cartoon illustration of children playing on various equipment at a playground, including slides and swings.",False,False,True,335
1000212488,/home/ubuntu/upload/1000212488.jpg,forest guide,forest guide,True,high,"A woman in a green uniform and hat leads two children on a forest trail, surrounded by various wild animals.",True,False,True,330
1000212489,/home/ubuntu/upload/1000212489.jpg,grew,grew,True,high,"A colorful cartoon illustration showing the growth stages of a sunflower from a seed to a tall plant, with the word 'GREW' prominently displayed.",True,False,True,330
1000212490,/home/ubuntu/upload/1000212490.jpg,oxygen tank,oxygen tank,True,high,A cute cartoon oxygen tank character underwater surrounded by coral and sea life.,True,False,True,330
1000212491,/home/ubuntu/upload/1000212491.jpg,,,False,low,classification error (JSONDecodeError): Unterminated string starting at: line 1 column 63 (char 62),False,False,False,0
1000212492,/home/ubuntu/upload/1000212492.jpg,enjoy,enjoy,True,high,"A group of children having fun and playing on a playground, with the word 'ENJOY' written in colorful letters above them.",True,False,True,330
1000212493,/home/ubuntu/upload/1000212493.jpg,hero,hero,True,high,"A superhero character named Captain Kindheart is celebrated by a crowd of children in a park, with signs identifying him as 'OUR HERO!' and 'POPULAR!'.",True,False,True,330
1000212494,/home/ubuntu/upload/1000212494.jpg,giraffe,giraffe,True,high,"A colorful cartoon illustration of a giraffe standing in a sunny landscape with other wild animals like an elephant, monkey, and zebra.",False,False,True,335
1000212495,/home/ubuntu/upload/1000212495.jpg,instead of,instead of,True,high,"A cartoon illustration showing a boy choosing fresh fruit instead of sweets and candy, with the text 'INSTEAD OF' displayed prominently at the top.",True,False,True,330
1000212496,/home/ubuntu/upload/1000212496.jpg,What a beautiful day!,what a beautiful day,True,high,"A happy boy and girl are driving a red car on a road through a beautiful countryside with a rainbow, a smiling sun, and various animals.",True,False,True,330
1000212497,/home/ubuntu/upload/1000212497.jpg,,,False,low,classification error (JSONDecodeError): Unterminated string starting at: line 4 column 14 (char 70),False,False,False,0
1000212498,/home/ubuntu/upload/1000212498.jpg,Pyramids,pyramids,True,high,"A colorful cartoon illustration of the three Giza Pyramids with smiling faces, set in a desert landscape with people, camels, and palm trees.",False,False,True,335
1000212499,/home/ubuntu/upload/1000212499.jpg,community park,community park,True,high,"A vibrant cartoon illustration of children and animals enjoying a sunny day in a community park with a stream, flowers, and a playground.",False,False,True,335
1000212500,/home/ubuntu/upload/1000212500.jpg,heavy,heavy,True,high,"A cartoon bear carrying a large, heavy load of goods on its back while walking through a forest.",True,False,True,330
1000212501,/home/ubuntu/upload/1000212501.jpg,forever,forever,True,high,"Three children run happily along a colorful infinity-shaped path that transitions from day to night, with the word 'FOREVER!' written in large letters above them.",True,False,True,330
1000212502,/home/ubuntu/upload/1000212502.jpg,orange juice,orange juice,True,high,A cartoon orange character stands next to a glass of orange juice with a straw and an orange slice on a kitchen counter.,True,False,True,330
1000212503,/home/ubuntu/upload/1000212503.jpg,offer,offer,True,high,"A girl offers a gift to a boy in a park, with the word 'OFFER!' displayed in a speech bubble.",True,False,True,330
1000212504,/home/ubuntu/upload/1000212504.jpg,,,False,low,classification error (JSONDecodeError): Unterminated string starting at: line 1 column 67 (char 66),False,False,False,0
1000212505,/home/ubuntu/upload/1000212505.jpg,energy,energy,True,high,"A vibrant illustration of children playing in a park near a school, featuring a wind turbine, solar panels, and a glowing star character, with the text 'ENERGY IS EVERYWHERE!'.",True,False,True,330
1000212506,/home/ubuntu/upload/1000212506.jpg,care for = take care of,care for take care of,True,high,"A colorful illustration showing children caring for their pets by feeding them, walking them on a leash, and being gentle with them.",True,False,True,330
1000212507,/home/ubuntu/upload/1000212507.jpg,,,False,low,classification error (JSONDecodeError): Unterminated string starting at: line 4 column 14 (char 72),False,False,False,0
