source_number,source_filename,source_path,width,height,format,contact_sheet
1000212209,1000212209.jpg,/home/ubuntu/upload/1000212209.jpg,1376,768,JPEG,sheet-01-1000212209-1000212228.jpg
1000212210,1000212210.jpg,/home/ubuntu/upload/1000212210.jpg,1376,768,JPEG,sheet-01-1000212209-1000212228.jpg
1000212211,1000212211.jpg,/home/ubuntu/upload/1000212211.jpg,1376,768,JPEG,sheet-01-1000212209-1000212228.jpg
1000212212,1000212212.jpg,/home/ubuntu/upload/1000212212.jpg,1376,768,JPEG,sheet-01-1000212209-1000212228.jpg
1000212213,1000212213.jpg,/home/ubuntu/upload/1000212213.jpg,1376,768,JPEG,sheet-01-1000212209-1000212228.jpg
1000212214,1000212214.jpg,/home/ubuntu/upload/1000212214.jpg,1376,768,JPEG,sheet-01-1000212209-1000212228.jpg
1000212215,1000212215.jpg,/home/ubuntu/upload/1000212215.jpg,1376,768,JPEG,sheet-01-1000212209-1000212228.jpg
1000212216,1000212216.jpg,/home/ubuntu/upload/1000212216.jpg,1376,768,JPEG,sheet-01-1000212209-1000212228.jpg
1000212217,1000212217.jpg,/home/ubuntu/upload/1000212217.jpg,1376,768,JPEG,sheet-01-1000212209-1000212228.jpg
1000212218,1000212218.jpg,/home/ubuntu/upload/1000212218.jpg,1376,768,JPEG,sheet-01-1000212209-1000212228.jpg
1000212219,1000212219.jpg,/home/ubuntu/upload/1000212219.jpg,1376,768,JPEG,sheet-01-1000212209-1000212228.jpg
1000212220,1000212220.jpg,/home/ubuntu/upload/1000212220.jpg,1376,768,JPEG,sheet-01-1000212209-1000212228.jpg
1000212221,1000212221.jpg,/home/ubuntu/upload/1000212221.jpg,1376,768,JPEG,sheet-01-1000212209-1000212228.jpg
1000212222,1000212222.jpg,/home/ubuntu/upload/1000212222.jpg,1376,768,JPEG,sheet-01-1000212209-1000212228.jpg
1000212223,1000212223.jpg,/home/ubuntu/upload/1000212223.jpg,1376,768,JPEG,sheet-01-1000212209-1000212228.jpg
1000212224,1000212224.jpg,/home/ubuntu/upload/1000212224.jpg,1376,768,JPEG,sheet-01-1000212209-1000212228.jpg
1000212225,1000212225.jpg,/home/ubuntu/upload/1000212225.jpg,1376,768,JPEG,sheet-01-1000212209-1000212228.jpg
1000212226,1000212226.jpg,/home/ubuntu/upload/1000212226.jpg,1376,768,JPEG,sheet-01-1000212209-1000212228.jpg
1000212227,1000212227.jpg,/home/ubuntu/upload/1000212227.jpg,1376,768,JPEG,sheet-01-1000212209-1000212228.jpg
1000212228,1000212228.jpg,/home/ubuntu/upload/1000212228.jpg,1376,768,JPEG,sheet-01-1000212209-1000212228.jpg
1000212229,1000212229.jpg,/home/ubuntu/upload/1000212229.jpg,1376,768,JPEG,sheet-02-1000212229-1000212248.jpg
1000212230,1000212230.jpg,/home/ubuntu/upload/1000212230.jpg,1376,768,JPEG,sheet-02-1000212229-1000212248.jpg
1000212231,1000212231.jpg,/home/ubuntu/upload/1000212231.jpg,1376,768,JPEG,sheet-02-1000212229-1000212248.jpg
1000212232,1000212232.jpg,/home/ubuntu/upload/1000212232.jpg,1376,768,JPEG,sheet-02-1000212229-1000212248.jpg
1000212233,1000212233.jpg,/home/ubuntu/upload/1000212233.jpg,1376,768,JPEG,sheet-02-1000212229-1000212248.jpg
1000212234,1000212234.jpg,/home/ubuntu/upload/1000212234.jpg,1376,768,JPEG,sheet-02-1000212229-1000212248.jpg
1000212235,1000212235.jpg,/home/ubuntu/upload/1000212235.jpg,1376,768,JPEG,sheet-02-1000212229-1000212248.jpg
1000212236,1000212236.jpg,/home/ubuntu/upload/1000212236.jpg,1376,768,JPEG,sheet-02-1000212229-1000212248.jpg
1000212237,1000212237.jpg,/home/ubuntu/upload/1000212237.jpg,1376,768,JPEG,sheet-02-1000212229-1000212248.jpg
1000212238,1000212238.jpg,/home/ubuntu/upload/1000212238.jpg,1376,768,JPEG,sheet-02-1000212229-1000212248.jpg
1000212239,1000212239.jpg,/home/ubuntu/upload/1000212239.jpg,1376,768,JPEG,sheet-02-1000212229-1000212248.jpg
1000212240,1000212240.jpg,/home/ubuntu/upload/1000212240.jpg,1376,768,JPEG,sheet-02-1000212229-1000212248.jpg
1000212241,1000212241.jpg,/home/ubuntu/upload/1000212241.jpg,1376,768,JPEG,sheet-02-1000212229-1000212248.jpg
1000212242,1000212242.jpg,/home/ubuntu/upload/1000212242.jpg,1376,768,JPEG,sheet-02-1000212229-1000212248.jpg
1000212243,1000212243.jpg,/home/ubuntu/upload/1000212243.jpg,1376,768,JPEG,sheet-02-1000212229-1000212248.jpg
1000212244,1000212244.jpg,/home/ubuntu/upload/1000212244.jpg,1376,768,JPEG,sheet-02-1000212229-1000212248.jpg
1000212245,1000212245.jpg,/home/ubuntu/upload/1000212245.jpg,1376,768,JPEG,sheet-02-1000212229-1000212248.jpg
1000212246,1000212246.jpg,/home/ubuntu/upload/1000212246.jpg,1376,768,JPEG,sheet-02-1000212229-1000212248.jpg
1000212247,1000212247.jpg,/home/ubuntu/upload/1000212247.jpg,1376,768,JPEG,sheet-02-1000212229-1000212248.jpg
1000212248,1000212248.jpg,/home/ubuntu/upload/1000212248.jpg,1376,768,JPEG,sheet-02-1000212229-1000212248.jpg
1000212249,1000212249.jpg,/home/ubuntu/upload/1000212249.jpg,1376,768,JPEG,sheet-03-1000212249-1000212269.jpg
1000212250,1000212250.jpg,/home/ubuntu/upload/1000212250.jpg,1376,768,JPEG,sheet-03-1000212249-1000212269.jpg
1000212251,1000212251.jpg,/home/ubuntu/upload/1000212251.jpg,1376,768,JPEG,sheet-03-1000212249-1000212269.jpg
1000212252,1000212252.jpg,/home/ubuntu/upload/1000212252.jpg,1376,768,JPEG,sheet-03-1000212249-1000212269.jpg
1000212253,1000212253.jpg,/home/ubuntu/upload/1000212253.jpg,1376,768,JPEG,sheet-03-1000212249-1000212269.jpg
1000212254,1000212254.jpg,/home/ubuntu/upload/1000212254.jpg,1376,768,JPEG,sheet-03-1000212249-1000212269.jpg
1000212255,1000212255.jpg,/home/ubuntu/upload/1000212255.jpg,1376,768,JPEG,sheet-03-1000212249-1000212269.jpg
1000212256,1000212256.jpg,/home/ubuntu/upload/1000212256.jpg,1376,768,JPEG,sheet-03-1000212249-1000212269.jpg
1000212257,1000212257.jpg,/home/ubuntu/upload/1000212257.jpg,1376,768,JPEG,sheet-03-1000212249-1000212269.jpg
1000212258,1000212258.jpg,/home/ubuntu/upload/1000212258.jpg,1376,768,JPEG,sheet-03-1000212249-1000212269.jpg
1000212259,1000212259.jpg,/home/ubuntu/upload/1000212259.jpg,1376,768,JPEG,sheet-03-1000212249-1000212269.jpg
1000212260,1000212260.jpg,/home/ubuntu/upload/1000212260.jpg,1376,768,JPEG,sheet-03-1000212249-1000212269.jpg
1000212261,1000212261.jpg,/home/ubuntu/upload/1000212261.jpg,1376,768,JPEG,sheet-03-1000212249-1000212269.jpg
1000212263,1000212263.jpg,/home/ubuntu/upload/1000212263.jpg,1376,768,JPEG,sheet-03-1000212249-1000212269.jpg
1000212264,1000212264.jpg,/home/ubuntu/upload/1000212264.jpg,1376,768,JPEG,sheet-03-1000212249-1000212269.jpg
1000212265,1000212265.jpg,/home/ubuntu/upload/1000212265.jpg,1376,768,JPEG,sheet-03-1000212249-1000212269.jpg
1000212266,1000212266.jpg,/home/ubuntu/upload/1000212266.jpg,1376,768,JPEG,sheet-03-1000212249-1000212269.jpg
1000212267,1000212267.jpg,/home/ubuntu/upload/1000212267.jpg,1376,768,JPEG,sheet-03-1000212249-1000212269.jpg
1000212268,1000212268.jpg,/home/ubuntu/upload/1000212268.jpg,1376,768,JPEG,sheet-03-1000212249-1000212269.jpg
1000212269,1000212269.jpg,/home/ubuntu/upload/1000212269.jpg,1376,768,JPEG,sheet-03-1000212249-1000212269.jpg
1000212270,1000212270.jpg,/home/ubuntu/upload/1000212270.jpg,1376,768,JPEG,sheet-04-1000212270-1000212290.jpg
1000212271,1000212271.jpg,/home/ubuntu/upload/1000212271.jpg,1376,768,JPEG,sheet-04-1000212270-1000212290.jpg
1000212272,1000212272.jpg,/home/ubuntu/upload/1000212272.jpg,1376,768,JPEG,sheet-04-1000212270-1000212290.jpg
1000212273,1000212273.jpg,/home/ubuntu/upload/1000212273.jpg,1376,768,JPEG,sheet-04-1000212270-1000212290.jpg
1000212274,1000212274.jpg,/home/ubuntu/upload/1000212274.jpg,1376,768,JPEG,sheet-04-1000212270-1000212290.jpg
1000212275,1000212275.jpg,/home/ubuntu/upload/1000212275.jpg,1376,768,JPEG,sheet-04-1000212270-1000212290.jpg
1000212276,1000212276.jpg,/home/ubuntu/upload/1000212276.jpg,1376,768,JPEG,sheet-04-1000212270-1000212290.jpg
1000212277,1000212277.jpg,/home/ubuntu/upload/1000212277.jpg,1376,768,JPEG,sheet-04-1000212270-1000212290.jpg
1000212278,1000212278.jpg,/home/ubuntu/upload/1000212278.jpg,1376,768,JPEG,sheet-04-1000212270-1000212290.jpg
1000212279,1000212279.jpg,/home/ubuntu/upload/1000212279.jpg,1376,768,JPEG,sheet-04-1000212270-1000212290.jpg
1000212280,1000212280.jpg,/home/ubuntu/upload/1000212280.jpg,1376,768,JPEG,sheet-04-1000212270-1000212290.jpg
1000212281,1000212281.jpg,/home/ubuntu/upload/1000212281.jpg,1376,768,JPEG,sheet-04-1000212270-1000212290.jpg
1000212282,1000212282.jpg,/home/ubuntu/upload/1000212282.jpg,1376,768,JPEG,sheet-04-1000212270-1000212290.jpg
1000212283,1000212283.jpg,/home/ubuntu/upload/1000212283.jpg,1376,768,JPEG,sheet-04-1000212270-1000212290.jpg
1000212284,1000212284.jpg,/home/ubuntu/upload/1000212284.jpg,1376,768,JPEG,sheet-04-1000212270-1000212290.jpg
1000212285,1000212285.jpg,/home/ubuntu/upload/1000212285.jpg,1376,768,JPEG,sheet-04-1000212270-1000212290.jpg
1000212286,1000212286.jpg,/home/ubuntu/upload/1000212286.jpg,1376,768,JPEG,sheet-04-1000212270-1000212290.jpg
1000212287,1000212287.jpg,/home/ubuntu/upload/1000212287.jpg,1376,768,JPEG,sheet-04-1000212270-1000212290.jpg
1000212289,1000212289.jpg,/home/ubuntu/upload/1000212289.jpg,1376,768,JPEG,sheet-04-1000212270-1000212290.jpg
1000212290,1000212290.jpg,/home/ubuntu/upload/1000212290.jpg,1376,768,JPEG,sheet-04-1000212270-1000212290.jpg
1000212291,1000212291.jpg,/home/ubuntu/upload/1000212291.jpg,1376,768,JPEG,sheet-05-1000212291-1000212310.jpg
1000212292,1000212292.jpg,/home/ubuntu/upload/1000212292.jpg,1376,768,JPEG,sheet-05-1000212291-1000212310.jpg
1000212293,1000212293.jpg,/home/ubuntu/upload/1000212293.jpg,1376,768,JPEG,sheet-05-1000212291-1000212310.jpg
1000212294,1000212294.jpg,/home/ubuntu/upload/1000212294.jpg,1376,768,JPEG,sheet-05-1000212291-1000212310.jpg
1000212295,1000212295.jpg,/home/ubuntu/upload/1000212295.jpg,1376,768,JPEG,sheet-05-1000212291-1000212310.jpg
1000212296,1000212296.jpg,/home/ubuntu/upload/1000212296.jpg,1376,768,JPEG,sheet-05-1000212291-1000212310.jpg
1000212297,1000212297.jpg,/home/ubuntu/upload/1000212297.jpg,1376,768,JPEG,sheet-05-1000212291-1000212310.jpg
1000212298,1000212298.jpg,/home/ubuntu/upload/1000212298.jpg,1376,768,JPEG,sheet-05-1000212291-1000212310.jpg
1000212299,1000212299.jpg,/home/ubuntu/upload/1000212299.jpg,1376,768,JPEG,sheet-05-1000212291-1000212310.jpg
1000212300,1000212300.jpg,/home/ubuntu/upload/1000212300.jpg,1376,768,JPEG,sheet-05-1000212291-1000212310.jpg
1000212301,1000212301.jpg,/home/ubuntu/upload/1000212301.jpg,1376,768,JPEG,sheet-05-1000212291-1000212310.jpg
1000212302,1000212302.jpg,/home/ubuntu/upload/1000212302.jpg,1376,768,JPEG,sheet-05-1000212291-1000212310.jpg
1000212303,1000212303.jpg,/home/ubuntu/upload/1000212303.jpg,1376,768,JPEG,sheet-05-1000212291-1000212310.jpg
1000212304,1000212304.jpg,/home/ubuntu/upload/1000212304.jpg,1376,768,JPEG,sheet-05-1000212291-1000212310.jpg
1000212305,1000212305.jpg,/home/ubuntu/upload/1000212305.jpg,1376,768,JPEG,sheet-05-1000212291-1000212310.jpg
1000212306,1000212306.jpg,/home/ubuntu/upload/1000212306.jpg,1376,768,JPEG,sheet-05-1000212291-1000212310.jpg
1000212307,1000212307.jpg,/home/ubuntu/upload/1000212307.jpg,1376,768,JPEG,sheet-05-1000212291-1000212310.jpg
1000212308,1000212308.jpg,/home/ubuntu/upload/1000212308.jpg,1376,768,JPEG,sheet-05-1000212291-1000212310.jpg
1000212309,1000212309.jpg,/home/ubuntu/upload/1000212309.jpg,1376,768,JPEG,sheet-05-1000212291-1000212310.jpg
1000212310,1000212310.jpg,/home/ubuntu/upload/1000212310.jpg,1376,768,JPEG,sheet-05-1000212291-1000212310.jpg
1000212311,1000212311.jpg,/home/ubuntu/upload/1000212311.jpg,1376,768,JPEG,sheet-06-1000212311-1000212330.jpg
1000212312,1000212312.jpg,/home/ubuntu/upload/1000212312.jpg,1376,768,JPEG,sheet-06-1000212311-1000212330.jpg
1000212313,1000212313.jpg,/home/ubuntu/upload/1000212313.jpg,1376,768,JPEG,sheet-06-1000212311-1000212330.jpg
1000212314,1000212314.jpg,/home/ubuntu/upload/1000212314.jpg,1376,768,JPEG,sheet-06-1000212311-1000212330.jpg
1000212315,1000212315.jpg,/home/ubuntu/upload/1000212315.jpg,1376,768,JPEG,sheet-06-1000212311-1000212330.jpg
1000212316,1000212316.jpg,/home/ubuntu/upload/1000212316.jpg,1376,768,JPEG,sheet-06-1000212311-1000212330.jpg
1000212317,1000212317.jpg,/home/ubuntu/upload/1000212317.jpg,1376,768,JPEG,sheet-06-1000212311-1000212330.jpg
1000212318,1000212318.jpg,/home/ubuntu/upload/1000212318.jpg,1376,768,JPEG,sheet-06-1000212311-1000212330.jpg
1000212319,1000212319.jpg,/home/ubuntu/upload/1000212319.jpg,1376,768,JPEG,sheet-06-1000212311-1000212330.jpg
1000212320,1000212320.jpg,/home/ubuntu/upload/1000212320.jpg,1376,768,JPEG,sheet-06-1000212311-1000212330.jpg
1000212321,1000212321.jpg,/home/ubuntu/upload/1000212321.jpg,1376,768,JPEG,sheet-06-1000212311-1000212330.jpg
1000212322,1000212322.jpg,/home/ubuntu/upload/1000212322.jpg,1376,768,JPEG,sheet-06-1000212311-1000212330.jpg
1000212323,1000212323.jpg,/home/ubuntu/upload/1000212323.jpg,1376,768,JPEG,sheet-06-1000212311-1000212330.jpg
1000212324,1000212324.jpg,/home/ubuntu/upload/1000212324.jpg,1376,768,JPEG,sheet-06-1000212311-1000212330.jpg
1000212325,1000212325.jpg,/home/ubuntu/upload/1000212325.jpg,1376,768,JPEG,sheet-06-1000212311-1000212330.jpg
1000212326,1000212326.jpg,/home/ubuntu/upload/1000212326.jpg,1376,768,JPEG,sheet-06-1000212311-1000212330.jpg
1000212327,1000212327.jpg,/home/ubuntu/upload/1000212327.jpg,1376,768,JPEG,sheet-06-1000212311-1000212330.jpg
1000212328,1000212328.jpg,/home/ubuntu/upload/1000212328.jpg,1376,768,JPEG,sheet-06-1000212311-1000212330.jpg
1000212329,1000212329.jpg,/home/ubuntu/upload/1000212329.jpg,1376,768,JPEG,sheet-06-1000212311-1000212330.jpg
1000212330,1000212330.jpg,/home/ubuntu/upload/1000212330.jpg,1376,768,JPEG,sheet-06-1000212311-1000212330.jpg
1000212331,1000212331.jpg,/home/ubuntu/upload/1000212331.jpg,1376,768,JPEG,sheet-07-1000212331-1000212350.jpg
1000212332,1000212332.jpg,/home/ubuntu/upload/1000212332.jpg,1376,768,JPEG,sheet-07-1000212331-1000212350.jpg
1000212333,1000212333.jpg,/home/ubuntu/upload/1000212333.jpg,1376,768,JPEG,sheet-07-1000212331-1000212350.jpg
1000212334,1000212334.jpg,/home/ubuntu/upload/1000212334.jpg,1376,768,JPEG,sheet-07-1000212331-1000212350.jpg
1000212335,1000212335.jpg,/home/ubuntu/upload/1000212335.jpg,1376,768,JPEG,sheet-07-1000212331-1000212350.jpg
1000212336,1000212336.jpg,/home/ubuntu/upload/1000212336.jpg,1376,768,JPEG,sheet-07-1000212331-1000212350.jpg
1000212337,1000212337.jpg,/home/ubuntu/upload/1000212337.jpg,1376,768,JPEG,sheet-07-1000212331-1000212350.jpg
1000212338,1000212338.jpg,/home/ubuntu/upload/1000212338.jpg,1376,768,JPEG,sheet-07-1000212331-1000212350.jpg
1000212339,1000212339.jpg,/home/ubuntu/upload/1000212339.jpg,1376,768,JPEG,sheet-07-1000212331-1000212350.jpg
1000212340,1000212340.jpg,/home/ubuntu/upload/1000212340.jpg,1376,768,JPEG,sheet-07-1000212331-1000212350.jpg
1000212341,1000212341.jpg,/home/ubuntu/upload/1000212341.jpg,1376,768,JPEG,sheet-07-1000212331-1000212350.jpg
1000212342,1000212342.jpg,/home/ubuntu/upload/1000212342.jpg,1376,768,JPEG,sheet-07-1000212331-1000212350.jpg
1000212343,1000212343.jpg,/home/ubuntu/upload/1000212343.jpg,1376,768,JPEG,sheet-07-1000212331-1000212350.jpg
1000212344,1000212344.jpg,/home/ubuntu/upload/1000212344.jpg,1376,768,JPEG,sheet-07-1000212331-1000212350.jpg
1000212345,1000212345.jpg,/home/ubuntu/upload/1000212345.jpg,1376,768,JPEG,sheet-07-1000212331-1000212350.jpg
1000212346,1000212346.jpg,/home/ubuntu/upload/1000212346.jpg,1376,768,JPEG,sheet-07-1000212331-1000212350.jpg
1000212347,1000212347.jpg,/home/ubuntu/upload/1000212347.jpg,1376,768,JPEG,sheet-07-1000212331-1000212350.jpg
1000212348,1000212348.jpg,/home/ubuntu/upload/1000212348.jpg,1376,768,JPEG,sheet-07-1000212331-1000212350.jpg
1000212349,1000212349.jpg,/home/ubuntu/upload/1000212349.jpg,1376,768,JPEG,sheet-07-1000212331-1000212350.jpg
1000212350,1000212350.jpg,/home/ubuntu/upload/1000212350.jpg,1376,768,JPEG,sheet-07-1000212331-1000212350.jpg
1000212351,1000212351.jpg,/home/ubuntu/upload/1000212351.jpg,1376,768,JPEG,sheet-08-1000212351-1000212370.jpg
1000212352,1000212352.jpg,/home/ubuntu/upload/1000212352.jpg,1376,768,JPEG,sheet-08-1000212351-1000212370.jpg
1000212353,1000212353.jpg,/home/ubuntu/upload/1000212353.jpg,1376,768,JPEG,sheet-08-1000212351-1000212370.jpg
1000212354,1000212354.jpg,/home/ubuntu/upload/1000212354.jpg,1376,768,JPEG,sheet-08-1000212351-1000212370.jpg
1000212355,1000212355.jpg,/home/ubuntu/upload/1000212355.jpg,1376,768,JPEG,sheet-08-1000212351-1000212370.jpg
1000212356,1000212356.jpg,/home/ubuntu/upload/1000212356.jpg,1376,768,JPEG,sheet-08-1000212351-1000212370.jpg
1000212357,1000212357.jpg,/home/ubuntu/upload/1000212357.jpg,1376,768,JPEG,sheet-08-1000212351-1000212370.jpg
1000212358,1000212358.jpg,/home/ubuntu/upload/1000212358.jpg,1376,768,JPEG,sheet-08-1000212351-1000212370.jpg
1000212359,1000212359.jpg,/home/ubuntu/upload/1000212359.jpg,1376,768,JPEG,sheet-08-1000212351-1000212370.jpg
1000212360,1000212360.jpg,/home/ubuntu/upload/1000212360.jpg,1376,768,JPEG,sheet-08-1000212351-1000212370.jpg
1000212361,1000212361.jpg,/home/ubuntu/upload/1000212361.jpg,1376,768,JPEG,sheet-08-1000212351-1000212370.jpg
1000212362,1000212362.jpg,/home/ubuntu/upload/1000212362.jpg,1376,768,JPEG,sheet-08-1000212351-1000212370.jpg
1000212363,1000212363.jpg,/home/ubuntu/upload/1000212363.jpg,1376,768,JPEG,sheet-08-1000212351-1000212370.jpg
1000212364,1000212364.jpg,/home/ubuntu/upload/1000212364.jpg,1376,768,JPEG,sheet-08-1000212351-1000212370.jpg
1000212365,1000212365.jpg,/home/ubuntu/upload/1000212365.jpg,1376,768,JPEG,sheet-08-1000212351-1000212370.jpg
1000212366,1000212366.jpg,/home/ubuntu/upload/1000212366.jpg,1376,768,JPEG,sheet-08-1000212351-1000212370.jpg
1000212367,1000212367.jpg,/home/ubuntu/upload/1000212367.jpg,1376,768,JPEG,sheet-08-1000212351-1000212370.jpg
1000212368,1000212368.jpg,/home/ubuntu/upload/1000212368.jpg,1376,768,JPEG,sheet-08-1000212351-1000212370.jpg
1000212369,1000212369.jpg,/home/ubuntu/upload/1000212369.jpg,1376,768,JPEG,sheet-08-1000212351-1000212370.jpg
1000212370,1000212370.jpg,/home/ubuntu/upload/1000212370.jpg,1376,768,JPEG,sheet-08-1000212351-1000212370.jpg
1000212371,1000212371.jpg,/home/ubuntu/upload/1000212371.jpg,1376,768,JPEG,sheet-09-1000212371-1000212390.jpg
1000212372,1000212372.jpg,/home/ubuntu/upload/1000212372.jpg,1376,768,JPEG,sheet-09-1000212371-1000212390.jpg
1000212373,1000212373.jpg,/home/ubuntu/upload/1000212373.jpg,1376,768,JPEG,sheet-09-1000212371-1000212390.jpg
1000212374,1000212374.jpg,/home/ubuntu/upload/1000212374.jpg,1376,768,JPEG,sheet-09-1000212371-1000212390.jpg
1000212375,1000212375.jpg,/home/ubuntu/upload/1000212375.jpg,1376,768,JPEG,sheet-09-1000212371-1000212390.jpg
1000212376,1000212376.jpg,/home/ubuntu/upload/1000212376.jpg,1376,768,JPEG,sheet-09-1000212371-1000212390.jpg
1000212377,1000212377.jpg,/home/ubuntu/upload/1000212377.jpg,1376,768,JPEG,sheet-09-1000212371-1000212390.jpg
1000212378,1000212378.jpg,/home/ubuntu/upload/1000212378.jpg,1376,768,JPEG,sheet-09-1000212371-1000212390.jpg
1000212379,1000212379.jpg,/home/ubuntu/upload/1000212379.jpg,1376,768,JPEG,sheet-09-1000212371-1000212390.jpg
1000212380,1000212380.jpg,/home/ubuntu/upload/1000212380.jpg,1376,768,JPEG,sheet-09-1000212371-1000212390.jpg
1000212381,1000212381.jpg,/home/ubuntu/upload/1000212381.jpg,1376,768,JPEG,sheet-09-1000212371-1000212390.jpg
1000212382,1000212382.jpg,/home/ubuntu/upload/1000212382.jpg,1376,768,JPEG,sheet-09-1000212371-1000212390.jpg
1000212383,1000212383.jpg,/home/ubuntu/upload/1000212383.jpg,1376,768,JPEG,sheet-09-1000212371-1000212390.jpg
1000212384,1000212384.jpg,/home/ubuntu/upload/1000212384.jpg,1376,768,JPEG,sheet-09-1000212371-1000212390.jpg
1000212385,1000212385.jpg,/home/ubuntu/upload/1000212385.jpg,1376,768,JPEG,sheet-09-1000212371-1000212390.jpg
1000212386,1000212386.jpg,/home/ubuntu/upload/1000212386.jpg,1376,768,JPEG,sheet-09-1000212371-1000212390.jpg
1000212387,1000212387.jpg,/home/ubuntu/upload/1000212387.jpg,1376,768,JPEG,sheet-09-1000212371-1000212390.jpg
1000212388,1000212388.jpg,/home/ubuntu/upload/1000212388.jpg,1376,768,JPEG,sheet-09-1000212371-1000212390.jpg
1000212389,1000212389.jpg,/home/ubuntu/upload/1000212389.jpg,1376,768,JPEG,sheet-09-1000212371-1000212390.jpg
1000212390,1000212390.jpg,/home/ubuntu/upload/1000212390.jpg,1376,768,JPEG,sheet-09-1000212371-1000212390.jpg
1000212391,1000212391.jpg,/home/ubuntu/upload/1000212391.jpg,1376,768,JPEG,sheet-10-1000212391-1000212410.jpg
1000212392,1000212392.jpg,/home/ubuntu/upload/1000212392.jpg,1376,768,JPEG,sheet-10-1000212391-1000212410.jpg
1000212393,1000212393.jpg,/home/ubuntu/upload/1000212393.jpg,1376,768,JPEG,sheet-10-1000212391-1000212410.jpg
1000212394,1000212394.jpg,/home/ubuntu/upload/1000212394.jpg,1376,768,JPEG,sheet-10-1000212391-1000212410.jpg
1000212395,1000212395.jpg,/home/ubuntu/upload/1000212395.jpg,1376,768,JPEG,sheet-10-1000212391-1000212410.jpg
1000212396,1000212396.jpg,/home/ubuntu/upload/1000212396.jpg,1376,768,JPEG,sheet-10-1000212391-1000212410.jpg
1000212397,1000212397.jpg,/home/ubuntu/upload/1000212397.jpg,1376,768,JPEG,sheet-10-1000212391-1000212410.jpg
1000212398,1000212398.jpg,/home/ubuntu/upload/1000212398.jpg,1376,768,JPEG,sheet-10-1000212391-1000212410.jpg
1000212399,1000212399.jpg,/home/ubuntu/upload/1000212399.jpg,1376,768,JPEG,sheet-10-1000212391-1000212410.jpg
1000212400,1000212400.jpg,/home/ubuntu/upload/1000212400.jpg,1376,768,JPEG,sheet-10-1000212391-1000212410.jpg
1000212401,1000212401.jpg,/home/ubuntu/upload/1000212401.jpg,1376,768,JPEG,sheet-10-1000212391-1000212410.jpg
1000212402,1000212402.jpg,/home/ubuntu/upload/1000212402.jpg,1376,768,JPEG,sheet-10-1000212391-1000212410.jpg
1000212403,1000212403.jpg,/home/ubuntu/upload/1000212403.jpg,1376,768,JPEG,sheet-10-1000212391-1000212410.jpg
1000212404,1000212404.jpg,/home/ubuntu/upload/1000212404.jpg,1376,768,JPEG,sheet-10-1000212391-1000212410.jpg
1000212405,1000212405.jpg,/home/ubuntu/upload/1000212405.jpg,1376,768,JPEG,sheet-10-1000212391-1000212410.jpg
1000212406,1000212406.jpg,/home/ubuntu/upload/1000212406.jpg,1376,768,JPEG,sheet-10-1000212391-1000212410.jpg
1000212407,1000212407.jpg,/home/ubuntu/upload/1000212407.jpg,1376,768,JPEG,sheet-10-1000212391-1000212410.jpg
1000212408,1000212408.jpg,/home/ubuntu/upload/1000212408.jpg,1376,768,JPEG,sheet-10-1000212391-1000212410.jpg
1000212409,1000212409.jpg,/home/ubuntu/upload/1000212409.jpg,1376,768,JPEG,sheet-10-1000212391-1000212410.jpg
1000212410,1000212410.jpg,/home/ubuntu/upload/1000212410.jpg,1376,768,JPEG,sheet-10-1000212391-1000212410.jpg
1000212411,1000212411.jpg,/home/ubuntu/upload/1000212411.jpg,1376,768,JPEG,sheet-11-1000212411-1000212430.jpg
1000212412,1000212412.jpg,/home/ubuntu/upload/1000212412.jpg,1376,768,JPEG,sheet-11-1000212411-1000212430.jpg
1000212413,1000212413.jpg,/home/ubuntu/upload/1000212413.jpg,1376,768,JPEG,sheet-11-1000212411-1000212430.jpg
1000212414,1000212414.jpg,/home/ubuntu/upload/1000212414.jpg,1376,768,JPEG,sheet-11-1000212411-1000212430.jpg
1000212415,1000212415.jpg,/home/ubuntu/upload/1000212415.jpg,1376,768,JPEG,sheet-11-1000212411-1000212430.jpg
1000212416,1000212416.jpg,/home/ubuntu/upload/1000212416.jpg,1376,768,JPEG,sheet-11-1000212411-1000212430.jpg
1000212417,1000212417.jpg,/home/ubuntu/upload/1000212417.jpg,1376,768,JPEG,sheet-11-1000212411-1000212430.jpg
1000212418,1000212418.jpg,/home/ubuntu/upload/1000212418.jpg,1376,768,JPEG,sheet-11-1000212411-1000212430.jpg
1000212419,1000212419.jpg,/home/ubuntu/upload/1000212419.jpg,1376,768,JPEG,sheet-11-1000212411-1000212430.jpg
1000212420,1000212420.jpg,/home/ubuntu/upload/1000212420.jpg,1376,768,JPEG,sheet-11-1000212411-1000212430.jpg
1000212421,1000212421.jpg,/home/ubuntu/upload/1000212421.jpg,1376,768,JPEG,sheet-11-1000212411-1000212430.jpg
1000212422,1000212422.jpg,/home/ubuntu/upload/1000212422.jpg,1376,768,JPEG,sheet-11-1000212411-1000212430.jpg
1000212423,1000212423.jpg,/home/ubuntu/upload/1000212423.jpg,1376,768,JPEG,sheet-11-1000212411-1000212430.jpg
1000212424,1000212424.jpg,/home/ubuntu/upload/1000212424.jpg,1376,768,JPEG,sheet-11-1000212411-1000212430.jpg
1000212425,1000212425.jpg,/home/ubuntu/upload/1000212425.jpg,1376,768,JPEG,sheet-11-1000212411-1000212430.jpg
1000212426,1000212426.jpg,/home/ubuntu/upload/1000212426.jpg,1376,768,JPEG,sheet-11-1000212411-1000212430.jpg
1000212427,1000212427.jpg,/home/ubuntu/upload/1000212427.jpg,1376,768,JPEG,sheet-11-1000212411-1000212430.jpg
1000212428,1000212428.jpg,/home/ubuntu/upload/1000212428.jpg,1376,768,JPEG,sheet-11-1000212411-1000212430.jpg
1000212429,1000212429.jpg,/home/ubuntu/upload/1000212429.jpg,1376,768,JPEG,sheet-11-1000212411-1000212430.jpg
1000212430,1000212430.jpg,/home/ubuntu/upload/1000212430.jpg,1376,768,JPEG,sheet-11-1000212411-1000212430.jpg
1000212431,1000212431.jpg,/home/ubuntu/upload/1000212431.jpg,1376,768,JPEG,sheet-12-1000212431-1000212450.jpg
1000212432,1000212432.jpg,/home/ubuntu/upload/1000212432.jpg,1376,768,JPEG,sheet-12-1000212431-1000212450.jpg
1000212433,1000212433.jpg,/home/ubuntu/upload/1000212433.jpg,1376,768,JPEG,sheet-12-1000212431-1000212450.jpg
1000212434,1000212434.jpg,/home/ubuntu/upload/1000212434.jpg,1376,768,JPEG,sheet-12-1000212431-1000212450.jpg
1000212435,1000212435.jpg,/home/ubuntu/upload/1000212435.jpg,1376,768,JPEG,sheet-12-1000212431-1000212450.jpg
1000212436,1000212436.jpg,/home/ubuntu/upload/1000212436.jpg,1376,768,JPEG,sheet-12-1000212431-1000212450.jpg
1000212437,1000212437.jpg,/home/ubuntu/upload/1000212437.jpg,1376,768,JPEG,sheet-12-1000212431-1000212450.jpg
1000212438,1000212438.jpg,/home/ubuntu/upload/1000212438.jpg,1376,768,JPEG,sheet-12-1000212431-1000212450.jpg
1000212439,1000212439.jpg,/home/ubuntu/upload/1000212439.jpg,1376,768,JPEG,sheet-12-1000212431-1000212450.jpg
1000212440,1000212440.jpg,/home/ubuntu/upload/1000212440.jpg,1376,768,JPEG,sheet-12-1000212431-1000212450.jpg
1000212441,1000212441.jpg,/home/ubuntu/upload/1000212441.jpg,1376,768,JPEG,sheet-12-1000212431-1000212450.jpg
1000212442,1000212442.jpg,/home/ubuntu/upload/1000212442.jpg,1376,768,JPEG,sheet-12-1000212431-1000212450.jpg
1000212443,1000212443.jpg,/home/ubuntu/upload/1000212443.jpg,1376,768,JPEG,sheet-12-1000212431-1000212450.jpg
1000212444,1000212444.jpg,/home/ubuntu/upload/1000212444.jpg,1376,768,JPEG,sheet-12-1000212431-1000212450.jpg
1000212445,1000212445.jpg,/home/ubuntu/upload/1000212445.jpg,1376,768,JPEG,sheet-12-1000212431-1000212450.jpg
1000212446,1000212446.jpg,/home/ubuntu/upload/1000212446.jpg,1376,768,JPEG,sheet-12-1000212431-1000212450.jpg
1000212447,1000212447.jpg,/home/ubuntu/upload/1000212447.jpg,1376,768,JPEG,sheet-12-1000212431-1000212450.jpg
1000212448,1000212448.jpg,/home/ubuntu/upload/1000212448.jpg,1376,768,JPEG,sheet-12-1000212431-1000212450.jpg
1000212449,1000212449.jpg,/home/ubuntu/upload/1000212449.jpg,1376,768,JPEG,sheet-12-1000212431-1000212450.jpg
1000212450,1000212450.jpg,/home/ubuntu/upload/1000212450.jpg,1376,768,JPEG,sheet-12-1000212431-1000212450.jpg
1000212451,1000212451.jpg,/home/ubuntu/upload/1000212451.jpg,1376,768,JPEG,sheet-13-1000212451-1000212470.jpg
1000212452,1000212452.jpg,/home/ubuntu/upload/1000212452.jpg,1376,768,JPEG,sheet-13-1000212451-1000212470.jpg
1000212453,1000212453.jpg,/home/ubuntu/upload/1000212453.jpg,1376,768,JPEG,sheet-13-1000212451-1000212470.jpg
1000212454,1000212454.jpg,/home/ubuntu/upload/1000212454.jpg,1376,768,JPEG,sheet-13-1000212451-1000212470.jpg
1000212455,1000212455.jpg,/home/ubuntu/upload/1000212455.jpg,1376,768,JPEG,sheet-13-1000212451-1000212470.jpg
1000212456,1000212456.jpg,/home/ubuntu/upload/1000212456.jpg,1376,768,JPEG,sheet-13-1000212451-1000212470.jpg
1000212457,1000212457.jpg,/home/ubuntu/upload/1000212457.jpg,1376,768,JPEG,sheet-13-1000212451-1000212470.jpg
1000212458,1000212458.jpg,/home/ubuntu/upload/1000212458.jpg,1376,768,JPEG,sheet-13-1000212451-1000212470.jpg
1000212459,1000212459.jpg,/home/ubuntu/upload/1000212459.jpg,1376,768,JPEG,sheet-13-1000212451-1000212470.jpg
1000212460,1000212460.jpg,/home/ubuntu/upload/1000212460.jpg,1376,768,JPEG,sheet-13-1000212451-1000212470.jpg
1000212461,1000212461.jpg,/home/ubuntu/upload/1000212461.jpg,1376,768,JPEG,sheet-13-1000212451-1000212470.jpg
1000212462,1000212462.jpg,/home/ubuntu/upload/1000212462.jpg,1376,768,JPEG,sheet-13-1000212451-1000212470.jpg
1000212463,1000212463.jpg,/home/ubuntu/upload/1000212463.jpg,1376,768,JPEG,sheet-13-1000212451-1000212470.jpg
1000212464,1000212464.jpg,/home/ubuntu/upload/1000212464.jpg,1376,768,JPEG,sheet-13-1000212451-1000212470.jpg
1000212465,1000212465.jpg,/home/ubuntu/upload/1000212465.jpg,1376,768,JPEG,sheet-13-1000212451-1000212470.jpg
1000212466,1000212466.jpg,/home/ubuntu/upload/1000212466.jpg,1376,768,JPEG,sheet-13-1000212451-1000212470.jpg
1000212467,1000212467.jpg,/home/ubuntu/upload/1000212467.jpg,1376,768,JPEG,sheet-13-1000212451-1000212470.jpg
1000212468,1000212468.jpg,/home/ubuntu/upload/1000212468.jpg,1376,768,JPEG,sheet-13-1000212451-1000212470.jpg
1000212469,1000212469.jpg,/home/ubuntu/upload/1000212469.jpg,1376,768,JPEG,sheet-13-1000212451-1000212470.jpg
1000212470,1000212470.jpg,/home/ubuntu/upload/1000212470.jpg,1376,768,JPEG,sheet-13-1000212451-1000212470.jpg
1000212471,1000212471.jpg,/home/ubuntu/upload/1000212471.jpg,1376,768,JPEG,sheet-14-1000212471-1000212490.jpg
1000212472,1000212472.jpg,/home/ubuntu/upload/1000212472.jpg,1376,768,JPEG,sheet-14-1000212471-1000212490.jpg
1000212473,1000212473.jpg,/home/ubuntu/upload/1000212473.jpg,1376,768,JPEG,sheet-14-1000212471-1000212490.jpg
1000212474,1000212474.jpg,/home/ubuntu/upload/1000212474.jpg,1376,768,JPEG,sheet-14-1000212471-1000212490.jpg
1000212475,1000212475.jpg,/home/ubuntu/upload/1000212475.jpg,1376,768,JPEG,sheet-14-1000212471-1000212490.jpg
1000212476,1000212476.jpg,/home/ubuntu/upload/1000212476.jpg,1376,768,JPEG,sheet-14-1000212471-1000212490.jpg
1000212477,1000212477.jpg,/home/ubuntu/upload/1000212477.jpg,1376,768,JPEG,sheet-14-1000212471-1000212490.jpg
1000212478,1000212478.jpg,/home/ubuntu/upload/1000212478.jpg,1376,768,JPEG,sheet-14-1000212471-1000212490.jpg
1000212479,1000212479.jpg,/home/ubuntu/upload/1000212479.jpg,1376,768,JPEG,sheet-14-1000212471-1000212490.jpg
1000212480,1000212480.jpg,/home/ubuntu/upload/1000212480.jpg,1376,768,JPEG,sheet-14-1000212471-1000212490.jpg
1000212481,1000212481.jpg,/home/ubuntu/upload/1000212481.jpg,1376,768,JPEG,sheet-14-1000212471-1000212490.jpg
1000212482,1000212482.jpg,/home/ubuntu/upload/1000212482.jpg,1376,768,JPEG,sheet-14-1000212471-1000212490.jpg
1000212483,1000212483.jpg,/home/ubuntu/upload/1000212483.jpg,1376,768,JPEG,sheet-14-1000212471-1000212490.jpg
1000212484,1000212484.jpg,/home/ubuntu/upload/1000212484.jpg,1376,768,JPEG,sheet-14-1000212471-1000212490.jpg
1000212485,1000212485.jpg,/home/ubuntu/upload/1000212485.jpg,1376,768,JPEG,sheet-14-1000212471-1000212490.jpg
1000212486,1000212486.jpg,/home/ubuntu/upload/1000212486.jpg,1376,768,JPEG,sheet-14-1000212471-1000212490.jpg
1000212487,1000212487.jpg,/home/ubuntu/upload/1000212487.jpg,1376,768,JPEG,sheet-14-1000212471-1000212490.jpg
1000212488,1000212488.jpg,/home/ubuntu/upload/1000212488.jpg,1376,768,JPEG,sheet-14-1000212471-1000212490.jpg
1000212489,1000212489.jpg,/home/ubuntu/upload/1000212489.jpg,1376,768,JPEG,sheet-14-1000212471-1000212490.jpg
1000212490,1000212490.jpg,/home/ubuntu/upload/1000212490.jpg,1376,768,JPEG,sheet-14-1000212471-1000212490.jpg
1000212491,1000212491.jpg,/home/ubuntu/upload/1000212491.jpg,1376,768,JPEG,sheet-15-1000212491-1000212507.jpg
1000212492,1000212492.jpg,/home/ubuntu/upload/1000212492.jpg,1376,768,JPEG,sheet-15-1000212491-1000212507.jpg
1000212493,1000212493.jpg,/home/ubuntu/upload/1000212493.jpg,1376,768,JPEG,sheet-15-1000212491-1000212507.jpg
1000212494,1000212494.jpg,/home/ubuntu/upload/1000212494.jpg,1376,768,JPEG,sheet-15-1000212491-1000212507.jpg
1000212495,1000212495.jpg,/home/ubuntu/upload/1000212495.jpg,1376,768,JPEG,sheet-15-1000212491-1000212507.jpg
1000212496,1000212496.jpg,/home/ubuntu/upload/1000212496.jpg,1376,768,JPEG,sheet-15-1000212491-1000212507.jpg
1000212497,1000212497.jpg,/home/ubuntu/upload/1000212497.jpg,1376,768,JPEG,sheet-15-1000212491-1000212507.jpg
1000212498,1000212498.jpg,/home/ubuntu/upload/1000212498.jpg,1376,768,JPEG,sheet-15-1000212491-1000212507.jpg
1000212499,1000212499.jpg,/home/ubuntu/upload/1000212499.jpg,1376,768,JPEG,sheet-15-1000212491-1000212507.jpg
1000212500,1000212500.jpg,/home/ubuntu/upload/1000212500.jpg,1376,768,JPEG,sheet-15-1000212491-1000212507.jpg
1000212501,1000212501.jpg,/home/ubuntu/upload/1000212501.jpg,1376,768,JPEG,sheet-15-1000212491-1000212507.jpg
1000212502,1000212502.jpg,/home/ubuntu/upload/1000212502.jpg,1376,768,JPEG,sheet-15-1000212491-1000212507.jpg
1000212503,1000212503.jpg,/home/ubuntu/upload/1000212503.jpg,1376,768,JPEG,sheet-15-1000212491-1000212507.jpg
1000212504,1000212504.jpg,/home/ubuntu/upload/1000212504.jpg,1376,768,JPEG,sheet-15-1000212491-1000212507.jpg
1000212505,1000212505.jpg,/home/ubuntu/upload/1000212505.jpg,1376,768,JPEG,sheet-15-1000212491-1000212507.jpg
1000212506,1000212506.jpg,/home/ubuntu/upload/1000212506.jpg,1376,768,JPEG,sheet-15-1000212491-1000212507.jpg
1000212507,1000212507.jpg,/home/ubuntu/upload/1000212507.jpg,1376,768,JPEG,sheet-15-1000212491-1000212507.jpg
